$ip@linkemail.com
$ip@newlife.com
00finess00@gmail.com
00theblank@gmail.com
0113599304611alilogs@gmail.com
0ohurt@gmail.com
1jonesrobert1@gmail.com
1milliondollarsmondice@gmail.com
1v4n.1v4n4usq1@gmail.com
20141@gmail.com
2016banklogins@gmail.com
2017wireblessing@gmail.com
2017workbox@gmail.com
2muchmoney1987@gmail.com
2rulog@gmail.com
2st.mungk@gmail.com
3341217318@qq.com
3areb789@gmail.com
3xp1r.soul.r1d3r@gmail.com
4dminone@gmail.com
56465sdfsd@kksdfs.com
567f27df@opayq.com
58zrz88@rzrzdfs.com
7okjor@gmail.com
8484rz4r1sdfsd@krzr1dfs.com
8b3c85cb5c@firemailbox.club
99.usk@mail.ru
99icexx@gmail.com
9jaexams@gmail.com
Account@iswanresults.com
Akatsuki@akatsuki-id.com
Alarg53@Yahoo.Com
Alexjoemutu2090@yahoo.com
AlfabetoVirtual@yahoo.com
Anonisma-Free-Tools@hotmail.com
Apl-First-2xx6@gmail.com
AsapFitz@forming.com
Au@sralia.com
Av3LoXiS@hotmail.com
Aziz@web-plus.net
BIMO@2M.TV
BM-2cVBNmuAYdeRdEbUKwguLJRvxD13sZKe8K@bitmessage.ch
BP-3@martcus.luntariffic.com
BV@votorantim.com.br
Bernard.rev@yandex.com
Beyericka21@gmail.com
Blancc353@gmail.com
Blessedhustle2015@gmail.com
Bozkurt97_Hacker@hotmail.com
C0o5@yahoo.com
CAZANOVA163-Tools@hotmail.com
CHANTALJEMMOTT12@GMAIL.com
CaZaNoVa163<djelal-samir@hotmail.fr
CaZaNoVa163@OutLook.CoM
Carwrapp4meandyou@gmail.com
Cashthug@sureboi.com
Chocollateekay@gmail.com
Chubbyeuro94@gmail.com
CowoKerensTeam@gmail.com
Crimelorddunga@yandex.com
Dfangybriga@gmail.com
Dinaraditya154@gmail.com
Dks@hotmail.fr
Doc@adobe.com
DonHaXor@gmail.com
Dz-@HotmaiL.co.uk
EDF@Part.fr
EL-VeXn@ilekunanu.com
ELITE@cyberanarchy.org
ELMAYET_ELMAYET@YAHOO.COM
ElZero@xSniper.com
Email@badlou.com
Emoney@NHC.net
Exploit-iD@Hotmail.com
Fathur-xZ@outlook.com
Forbidden@mailfahad.com
Fresh@tracking.com
From@site.ru
Geraldinemajica2@gmail.com
Get2Data911@gmail.com
Gise@gcrele.com
Glaze@boss.gcg
Gun@Linuxmail.Org
Hack_XhellX@yahoo.com
HackerDre@Yah.net
Harrylloyd141@gmail.com
Hit-Girl@pooichai.com
Hotmail-3D@serverX.com
I0X0@HOTMAIL.COM
IBB.LEKAN@YAHOO.COM
Iam-Bherie@bherie.com
Ihaveit@isdone.com
Irish@musicirish.com
Itunes1Resulte@Dominos.Page
J7-@live.com
Jacky.raschoffer@gmail.com
Janetwalex1@gmail.com
Jimy@Luck.com
JohnMisele@hotmail.com
Jokr.h4xor@gmail.com
KAYBLAAK2015@GMAIL.COM
Kanundubuisi87@gmail.com
Ken@kaneki.com
Kerbius@heroicage.com
LHiiH@AmR3T.Fr
Logoutimam@gmail.com
Lubrexenterprise@gmail.com
LyMaNlYmCo@YahoO.CoM
M.M.B.M@MMBM.COM
MCCORMACK6547@outlook.com
Marwanalhryzy@gmail.com
Maxiprincesuper@gmail.com
Meekbillz1996@gmail.com
Membership@Paypal.com
Membership@natty.co.uk
Membership@scotiabank.com
Merckb99@gmail.com
Mr.HiTman@Alpha.com
Mr.HiTman@Jordan.Jo
Mr.MoRo@HOTMAIL.FR
Mr.PoorBAD@Alpha.com
Mrjohnbrian3@gmail.com
NONE@ggledocs.com
NSW@maller.com
Newbister@admin.com
Nicoleives247@gmail.com
Nobody@nobody.com
Nummer_Vier@mail.com
Ogabossresultbox@gmail.com
Ogar007@hotmail.com
Olugbonthings@wire.org
Owasrte@telia.com
Oza@chasemelom.com
P6n@HoTmaiL.Fr
P6n@hotmail.Fr
PAUS12@voila.COM
Peshawa.co@gmail.com
PisTqon@hotmail.com
Postale-3@martcus.luntariffic.com
Proxycrome01@gmail.com
Putinbryn50@gmail.com
R0@hotmail.com
Rayen.hack1@gmail.com
RePorrT@Yahoo.Com
Resultat@okby.com
Rezult.box2014@gmail.com
Rose@Gold.com
SE-0205810@uk093santander.co.uk
SWISS@banque.ch
Scatzy@Allnetwork.org
Serviapplid@servicesus.us
Shopanasoweb@gmail.com
Silent95@hacker.ps
Simon@gurenlagann.com
SpYLOGs@Hussleteam.com
Spyn3t@gmail.com
SqlXGMR@gmail.com
Stunnerman2015@gmail.com
T9S@HOTMAIL.COM
Thelords@gmx.net
Tshp3j@gmail.com
Unuzhorlamidey@gmail.com
Uv-@HoTmail.CoM
Uv-@HoTmanil.CoM
Venkat.veddi@gmail.com
Vip@163.goooo
WILLIAMCOLLINSON@openmailbox.org
WWWWW@WWWW.net
Wh04mi@boxmail.com
WilliamParker@openmailbox.org
Xb4@HoTmaiL.Fr
Xclusiv-3D@serverX.com
a.ledru418@laposte.net
a10sh@outlook.com
aalireza65@yahoo.com
aalvriyanto@gmail.com
aaroneverett4@gmail.com
aasiansun@gmail.com
aazer544@gmail.com
abbetycoal@gmail.com
abbeyqatar@gmail.com
abc@abc.com
abdaka_pipi@live.fr
abdalahi1202@gmail.com
abdallakhalaf8@gmail.com
abdelwaf@hotmail.com
able.mickey@yahoo.com
ablegodddd07@gmail.com
ableresultbox07@gmail.com
abokijunior42@gmail.com
abrellucas4@gmail.com
abs0000102@gmail.com
abwalanta09@gmail.com
abwmsbmhmwd5@gmail.com
acgresult@gmail.com
achraf_lady@hotmail.com
achrafmomo501@gmail.com
achrafna12@gmail.com
achroufa4@gmail.com
acountservices8@gmail.com
acsaaas1@gmail.com
activamarine@126.com
adalyayapidenetim@outlook.com
adamcares800@gmail.com
adamjohn1112@gmail.com
adammedbusiness@gmail.com
adamscompaniesltd@gmail.com
adamsimo@yahoo.com
ade-niyi@yandex.com
ade.niyi@yandex.com
ade201737@gmail.com
adebaba164@gmail.com
adebaba1919@yandex.com
adewumiolas@gmail.com
adexsamuelx@gmail.com
admin@anaski.net
admin@engineer.com
admin@gameshack.org
admin@gov.com
admin@l33bo.website
admin@nic.com
admin@nonamos.com
admin@rebels-officials.info
admin@spygrup.org
admin@xdevil.org
admin@zzna.ru
admins@feranmii.biz
adorablejimalvarez@gmail.com
adress151@gmail.com
adress159@hotmail.fr
adrss2@exp.com
adrss@exp.com
aeetimber@gmail.com
aege3g3g@gmail.com
afoikoko@gmail.com
agadirenu2018@gmail.com
agha.khan.access3@gmail.com
agos222222@alice.com
agu.irozy@gmail.com
aguiyi123@gmail.com
agusta19686@gmail.com
ahmad.bazyarii@gmail.com
ahmed_-_boukhmiss@outlook.fr
ahmedalhckerr@outlook.sa
ahmedalhckerrrr@gmail.com
ahmednasir@cisco.com
ahmedrocks923@gmail.com
ahnafshakil55@gmail.com
aimad1996@hotmail.fr
aja.nangis@gmail.com
ajiprnm@yandex.com
akaabouc@gmail.com
akagami.m4@gmail.com
akalele01@gmail.com
akazingmist@gmail.com
akremmekki2@gmail.com
aku@kokoredy.com
akukokoredy@gmail.com
akun.cocreq@gmail.com
akunmagento@gmail.com
akuntuz01@gmail.com
akustreetfive2@gmail.com
alabikunle1999@gmail.com
alakgroups@adexec.com
alan.ross457@gmail.com
alanc11se@outlook.fr
alanuku@gmail.com
alazheriinfo@yahoo.com
alban5537@gmail.com
albanian619@gmail.com
albertcheung495@gmail.com
albertwyatt02@gmail.com
alcustomer1984@gmail.com
aldoramadhan16@gmail.com
alens@msn.com
alert.service20@hotmail.com
alerts038@gmail.com
alertservice832@yahoo.com
alexbalaa@hotmail.com
alexbrill221@gmail.com
alexhsimg@163.com
alexis_rasp@aol.com
alextho676@gmail.com
alexvage111@gmail.com
alexwessel59@gmail.com
alexwithworth@gmail.com
alexwrighti106@hotmail.com
alexwrighti106@yahoo.com
algeriajocker@gmail.com
alhaji_rex@yahoo.com
ali.lazaar22@gmail.com
ali.sahara@mail.com
aliaa.alone@ymail.com
alibaba@info.com
alibaba@info.lt
alibabapedro@yandex.com
alibabaresult1@gmail.com
alice_cooper44@mail.ru
aliciaford68i@gmail.com
aliexpress@service.com
alilogbox@gmail.com
alilogs62@gmail.com
alimaazouzi7@gmail.com
aliresult2013@gmail.com
all4good101@gmail.com
allahbless200m@gmail.com
allensrawson@gmail.com
alli.hawllery@Gmail.com
alliswellwithmysoul60@gmail.com
aloha.miami@details.com
alomarad05@gmail.com
alonesad@ghostmail.com
alouighanem@gmail.com
alphashockx.0@gmail.com
alphonsoobi1@gmail.com
alphonzoross23@gmail.com
alseiadest@gmail.com
alt.tp-47ht91@yopmail.com
alubarika4ever@gmail.com
alubarikabox2017@gmail.com
alubarikafunds@gmail.com
alubarikalogs@gmail.com
alvinada190@gmail.com
alwaysgoinghigher@gmail.com
alwaysmiles902@gmail.com
amadeus155@hotmail.com
amandachris146@gmail.com
amarekhater@gmail.com
amazonvin@gmail.com
ameh.wahib.farid@gmail.com
amelieco36@gmail.com
amelierys@yandex.com
ames.bond22@mail.ru
amildnet@yahoo.com
amina111@yopmail.com
amir.besamty@gmail.com
amirdzrzlt0@gmail.com
amiwox.web7@gmail.com
ammaboss53@gmail.com
amrocky.dz97@gmail.com
amrtotogo@mail2togo.com
amzmoaz@gmail.com
an0nym0us.sn3ak3r@cyberdude.com
anandshreepvtltd@gmail.com
anarchi.bsbt@gmail.com
anasovic33@yahoo.fr
anassoweb@hotmail.com
andalas.mail2@gmail.com
andalas.shell@yahoo.com
anderlee86@gmail.com
andersonjacobs100@gmail.com
andiiwcksn@gmail.com
andre.bruce747@gmail.com
andrew@mt.lviv.ua
andrewfortune161@gmail.com
andriroot@gmail.com
angel@heavensentlol.net
angeldotid@outlook.com
angelinamayers12@gmail.com
angielilyberry@yahoo.com
angribyridbeard@yahoo.com
anhku113@yaoo.com
aniwire6@gmail.com
ann.morganbiz@gmail.com
annunimofe1@gmail.com
anonymous@ftp.com
anonymouslogz@gmail.com
another059@gmail.com
anouarayoub63@gmail.com
antcrew0@gmail.com
antila.chou.msa@hotmail.com
antoine.lampard@gmail.com
antonioapfg@gmail.com
any.shit009@gmail.com
anyzip466@stayhome.li
ao23456789bnm@gmail.com
aolfounds@gmail.com
aolmoney22@gmail.com
aolservicealert@gmail.com
aow1920@gmail.com
aphornwa2@gmail.com
aposto700@gmail.com
apotieri@yandex.com
applegvoice1@yandex.com
applegvoice3@gmail.com
applerzlt98@gmail.com
aquitoy000@outlook.com
aquitoy000@yahoo.com
aquitoy20145@gmail.com
aquitoy20145asdasd@gmail.com
aquitoy2018@outlook.com
arabara3nicc@gmail.com
arabiclaws@gmail.com
aralogs@gmail.com
aralogs@outlook.com
arash.razaei121@yahoo.com
arashrj@gmail.com
arbouti2221@gmail.com
arch_barry01@aol.com
architectbarry@gmail.com
aresonola123@gmail.com
arfetspm@yahoo.fr
arhyans@gmail.com
ariganex8@gmail.com
ariyobox44@gmail.com
arlewis1970@gmail.com
arnir.litchi@gmail.com
arnoldemploy@gmail.com
arnoldhawks@gmail.com
aromykel24@gmail.com
artbysia@box5609.bluehost.com
artprnitam@gmail.com
arumbia.xrt@gmail.com
asaafrica@gmail.com
asapfundz@gmail.com
asaphoyin@gmail.com
aset.manager@gmail.com
ashleyarabella2015@gmail.com
askamu@yandex.com
aspiremalysia@gmail.com
assasinsspammers@gmail.com
assyade.word@gmail.com
atforu10@mail2Uk.com
atforu303@outlook.com
atforu38@rediffmail.com
atforu38@yandex.com
athorhack@yahoo.com
attachua667@yandex.com
audrey.a.derek@gmail.com
authorityrule@yahoo.com
avivawollman@gmail.com
awherweldcss@gmail.com
awras@live.fr
axrfmed@gmail.com
ayam@jago.us
ayammandela1@gmail.com
ayamogswanky@gmail.com
ayhemneily56@gmail.com
ayih@inbox.ru
aykutbilgic@gmail.com
aynntex@gmail.com
ayodejij480@gmail.com
ayomidelogs@hotmail.com
ayotomiwa11@gmail.com
ayoub.tchat24@gmail.com
ayoubaittoto@gmail.com
ayoubdrakxxx@gmail.com
azatsulaiman7@gmail.com
azerrayen007@gmail.com
azike.calistus@gmail.com
azizyosri1@gmail.com
azzouzmetalica@gmail.com
b.scarface@yandex.com
b19700101@gmail.com
b2bputh@gmail.com
b374k@fbi.gov
b4b4snooz@gmail.com
b_o777@yahoo.com
babagodblessing2016@gmail.com
babalukaku@gmail.com
babaokolasan3@aol.com
babaokolasan3@gmail.com
babaokolasan3@hotmail.com
babateee01@gmail.com
babylyndha@yahoo.com
backemail47@gmail.com
badermuhamed@yahoo.com
badolf10006@outlook.com
badr.adam.rzlt@hotmail.com
badrchehma2@gmail.com
badrddine777@gmail.com
baggmone@inbox.com
baggmonne@gmail.com
bahri.resima@gmail.com
baisanshell@gmail.com
bajatax159@gmail.com
bajatax841@gmail.com
bajatax@hacked.com
baji.1998@hotmail.ca
bakarybolt@yahoo.com
baladarin3@gmail.com
balakhack@mail.ru
baltantic@hotmail.com
bambasergem@gmail.com
banboi2311@gmail.com
bang_rip420@outlook.com
bank@newbiec0der.com
banklogin709@gmail.com
bantyuc@hotmail.com
bantyucdonlad@gmail.com
barristeragustindinga3@gmail.com
barrycole445@gmail.com
bartalhammame@gmail.com
basilwalter15@yahoo.com
bazouspm@gmail.com
bbmadruga@robei.com
bdobank2012@gmail.com
beast.yey6667@yahoo.com
beaunew01@gmail.com
bebo.max1990@gmail.com
begoranti19@gmail.com
behbett@gmail.com
beijaddy@gmail.com
beldozer.fati@gmail.com
belelli67@gmail.com
belkora-souad@hotmail.fr
bell_south@aol.com
bemelmg@gmail.com
ben.gates109@gmail.com
benhmimouboutaina@gmail.com
benhur.doudy@gmail.com
benny.braton1@gmail.com
bennylau886@gmail.com
bennywise4@yandex.com
bennywise8@gmail.com
benz.burlington12@qq.com
benz.burlington@gmail.com
benzsuppliesgn@outlook.com
ber.perlyne2@hi2.in
berger2015@zoho.com
bergerpaint201@gmail.com
bergerr90@gmail.com
bernardtoole012@gmail.com
bespartmi4@outlook.com
best.1hacker@gmail.com
bestman4all@excite.com
bestresultbox45@gmail.com
beth070878@gmail.com
betsyanderson86@gmail.com
bexto404@gmail.com
bhigbrahe@gmail.com
biangrusuh@myself.com
bibrizieq@gmail.com
big.st0re@yandex.com
bigboss.malakf16@gmail.com
bii.ii@yandex.com
biirth74@gmail.com
bilisino2@gmail.com
billal-soltani@hotmail.com
billgate@hackermail.com
billing@dennywiranda.com
billiongrace88882@gmail.com
billkwok0@gmail.com
bilmex96@gmail.com
bilmex96@mail.ru
biodunoluwa@hotmail.com
birawa71@gmail.com
blabablaba52@gmail.com
blabb67@gmail.com
black.zineb@gmail.com
blackbishop97@gmail.com
blackghostwashere@outlook.com
blackhats@live.com
blacklight@autistici.org
blacklight[at]autistici[dot]org
blackmansnoop@yahoo.com
blanci697@gmail.com
blankp056@gmail.com
blessed.shegzy@yandex.com
blessedchild848@gmail.com
blessedhustlekz1@gmail.com
blessedlogz101@gmail.com
blessedlogz@hotmail.com
blessedsteve01@yahoo.com
blessmyhustle1@mynet.com
blessmyjob@gmail.com
blezzedhustle@yahoo.com
blockbox234@gmail.com
blockwire92@gmail.com
blogin2013@hotmail.com
blonjo@gmx.us
blowtime666@gmail.com
blueskyinc@gmx.com
bmb.servi@gmail.com
bmb.servi@portugalmail.pt
bnl678309@gmail.com
boa@mhd.hk
bob.vanger@outlook.com
bobbipiit@gmail.com
bobbyfounds@gmail.com
bobreed085@gmail.com
bobsalm08@gmail.com
bodinero1@gmail.com
bodrov.farid@yandex.com
bokon121@gmail.com
bokseur237@gmail.com
boletkks@gmail.com
bomman096@gmail.com
bonne@emplacement.fr
bonner.cnx0@gmail.com
bookmyplace24.7@gmail.com
bookstex@gmail.com
bootyrep@yahoo.com
bortechco@gmail.com
bosbesar98@gmail.com
boss@wells.com
boss@wiregang.com
bossallah61@gmail.com
botu2157@gmail.com
botv3@mrspybotv3.com
boujida.hard@gmail.com
bourahliautoparts@aol.com
bourgegeorge86@gmail.com
bourichkaram@gmail.com
bourne.wenger05@gmail.com
bouzianibenziane@gmail.com
box30999@gmail.com
box4one@gmail.com
box@adobe.com
boxlogs2@gmail.com
boxresult8@gmail.com
boyddemar@gmail.com
boymystro100@gmail.com
brainniach1759@gmail.com
brainsmith016@myway.com
brainsmith017@yahoo.com.hk
brainsmith018@gmail.com
brazilobscure@live.com
breakdowndeathcore029@gmail.com
brendablyy@gmail.com
brenthannah00@gmail.com
brentphilo@gmail.com
breslinstephen01@gmail.com
brewer_armstrong@yahoo.com
brian8860@mail.ru
brianbeecher@yandex.com
briancook490@gmail.com
brianzukky@yahoo.com
bricoferamentas@gmail.com
bright.bright2016@yandex.com
brk.ethan@gmail.com
brndcrp@gmail.com
broganrr@gmail.com
bronsuck_vb@yahoo.co.id
brunookafor001@gmail.com
bryant.nelson2017@yandex.com
bs4gsx@gmail.com
bu9p3t@gmail.com
buddycat300@lycos.com
buffalogee10@gmail.com
burialmoney9025@gmail.com
burjman04@gmail.com
burlacu.ruxandra@hotmail.com
busaiplc@gmail.com
bushapril828@yahoo.com
businessconetwork@gmail.com
businesscopy1@gmail.com
businessjobs26@gmail.com
buzinezz215@gmail.com
bvbzaki14@gmail.com
bwbw010101@gmail.com
bwbw01@aol.com
byhero44@gmail.com
bylace2003@gmail.com
byz9991(at)yahoo.com
byz9991jatimcrew@gmail.com
c-azer@live.fr
c.deeton01@gmail.com
c0cain@hotmail.com
ca-va-2010@live.com
cables@mesg.com
cadotunji@suntrust
cahkerjo72@gmail.com
caimaisinfo@gmail.com
cairequejaime@orange.fr
caixalindadenovasinfos2019@gmail.com
cakrahacker@gmail.com
calebarthur17@gmail.com
calemerros@gmail.com
call22110@yahoo.com
callycoolboy@gmail.com
caoqilin931@gmail.com
captainwolfk@yahoo.com
card3rpro@page.co.uk
card@dennywiranda.com
carder.card007@gmail.com
carder00007@gmail.com
carelabmed.rohen@gmail.com
carelove595@gmail.com
carl@hq2200.com
carlos.faundes.gg@gmail.com
carlosmxbs@outlook.com
carlosromero19871@gmail.com
carolawillis1952@gmail.com
carolbabyi@yahoo.com
caroline13552@gmail.com
carolineuuv@gmail.com
carrolldarling001@gmail.com
cash@crissyspringfield.com
cashlogs007@gmail.com
cashoutcr3w@gmail.com
cashpool76@gmail.com
cashpool@yandex.com
casiusclayton26@gmail.com
caso.stars@gmail.com
casperrjc6@gmail.com
catfinn.group@outlook.com
cazanova146@gmail.com
cc@free.fr
cc@newbiec0der.com
cc@sdf.cash
ccdimaa0@gmail.com
ccode.priv8@live.com
ce0@pconsortium.com
cear201@gmail.com
centretbb@gmail.com
ceo.keen@yandex.com
ceo.offce@gmail.com
ceo_mails@zoho.com
ceocfo6@gmail.com
ceofcompany@gmail.com
ceojtp@gmail.com
ceopresidentdirectory11@gmail.com
ceoreply112@gmail.com
cerol@prontonmail.cn
cerol@prontonmail.com
cfpresults@gmail.com
ch.boris885@gmail.com
ch4syb0x@gmail.com
charfe.hamouda@gmail.com
charizoleson@yahoo.com
charlesbobby89@yahoo.com
charlesjnrcarter@gmail.com
charlesprince1148@gmail.com
charliielaverty@gmail.com
charlyhil7@gmail.com
chase13982@gmail.com
chasedream16@hotmail.com
chaselog1@gmail.com
chaseonlineservices2012@gmail.com
cheapcarforsell@gmail.com
checklogsfive@gmail.com
checklogsone@gmail.com
chefhubr@gmail.com
chetansoni@live.com
chi@critharis.com
chi@ddhomeservices.com
chiderafundz@gmail.com
chidozieling@gmail.com
chika.hope12@gmail.com
chikha-tsonami@hotmail.com
chimsunpro38@gmail.com
chin2580679@gmail.com
chinazfans@gmail.com
chineduadurazzi2016@gmail.com
chinelotojar@gmail.com
chioptions1@gmail.com
chipzabi@gmail.com
chiwando3@gmail.com
chizzyspamm@gmail.com
chodgroups@gmail.com
chongwale123@gmail.com
chouraki.lavv@gmail.com
chowsukun@yahoo.com.hk
chris.davilla21@gmail.com
chris.logse@gmail.com
chrisbrnntt22@gmail.com
chrisdctech@yahoo.com
chrswm0@gmail.com
chukuma00000007@yahoo.com
chukuma0000007@yahoo.com
chukuma11111@gmail.com
cibclogzs@gmail.com
cici.sunlightintl@gmail.com
cindi90001@gmail.com
citi17@bk.ru
citizenbox0@gmail.com
civilian.hacked@gmail.com
cj.lala123@gmail.com
cj.lala@yandex.com
cjsparxx701@gmail.com
ckluxuryhomerenters@gmail.com
cl663645@gmail.com
claimptc@gmail.com
clark@pconsortium.com
clarx001@msn.com
cliftonwillard25@gmail.com
clim01987@gmail.com
closeup247@gmail.com
cloudix.jackson@gmail.Com
cocomillbox007@gmail.com
code.priv8@live.com
code2015v2@outlook.com
codebb2015@gmail.com
codewizard@approject.com
codyw1852@gmail.com
cohenga33@yahoo.com
cokeman12@tutanota.com
colinscross@hotmail.com
collinsanadu1@gmail.com
collinsrupess@gmail.com
collytek@rediffmail.com
colominasimo@gmail.com
columbuscolumbus45@gmail.com
combobadone@gmail.com
comingmoney407@gmail.com
companykimono085@gmail.com
conneikang@126.com
constructioneliteltd@live.co.uk
consumer.sercer2016@yandex.com
contact.dzshiring@gmail.com
contact@elmoujehidin.net
contact@persianblog.com
controleservice16@gmail.com
conturicraig@craig.com
cool.sawy2016@yandex.com
coollay002@gmail.com
cooperjeremy618@gmail.com
copperbaselimited@gmail.com
corp@kent.com
corp@seniors.com
corp@susquehanna.org
cottoe1974@gmail.com
cousindjango@gmail.com
cpanel@atoxshop.com
cr51@b4ndit.sg
craigmeyers19@gmail.com
crazy@outlook.cz
crewlorine@yahoo.fr
crewsiantar@gmail.com
crewsiantar@hotmail.com
crewsiantar@yahoo.com
crimelorddunga@gmail.com
crimin2l@yahoo.com
croftcountry11@gmail.com
csfrtn@gmail.com
csudepartment080911@gmail.com
ctshardwares63@gmail.com
cu115@aol.com
cuenta00001m@gmail.com
culturacare@gmail.com
cumicd@gmail.com
curhoney2020@gmail.com
curhoney2020@yahoo.com
customer-bank@mrs
customer-support@Dc
customer-support@Spammers
customer-support@moneyi
customer-support@mrs
customer-support@online
customer-support@tdbank.com
customer-support@trex
customer-support@usaa,com
customer@ms0ffic3.com
customercarehelpline2013@hotmail.com
customerservices14@outlook.com
cvv_vbv@hotmail.fr
cvvvbv2016@gmail.com
cwelmuhammed@gmail.com
cxib [ a.T] securityreason [ d0t] com
cyber.oku@gmail.com
cybertechnobiz@gmail.com
cyrilrich38@gmail.com
d00m@kumanova.com.mk
d0ntec@yahoo.it
d33b1gboss@gmail.com
d4rk0dr34m@gmail.com
dada@ymail.com
dadas.negro@yahoo.fr
daddy.david@yandex.com
dahhitmen@gmail.com
dakhammi@outlook.fr
dalhatuuj@gmail.com
dali50@live.com
daliston1@gmail.com
dammdamm231@gmail.com
danaboy0@gmail.com
danacareerdesk@gmail.com
dangerissaoui@outlook.com.fr
daniel.3.walker@gmail.com
daniel.precisionprojects@gmail.com
danielasilva_2010@terra.com.br
danielgrochowski1@gmail.com
danielscott1522@gmail.com
daniyal-system@outlook.com
dankidfin@gmail.com
dannex007@gmail.com
danstone109@zoho.com
daouiaziz80@gmail.com
daptol0012@gmail.com
dare.dare20016@gmail.com
darichents@gmail.com
darichents@outlook.com
darkmatt3r.r3zultz@gmail.com
darlenegeorge56@yahoo.com
darlenekuh@gmail.com
darlikomhhh@gmail.com
darrenfjxinyun.cn@gmail.com
data43toko@gmail.com
database90210@gmail.com
datpower9x@gmail.com
david.duplesis@gmail.com
davidebrow50@gmail.com
davidezeakile2016@gmail.com
davididickson@mail.ru
davidmind70@gmail.com
davidroswell4@gmail.com
davidsimmonslog@gmail.com
davidz.myfreed0m@gmail.com
davies.res@gmail.com
davimarcus7@gmail.com
db101231@yandex.com
dbox400@yahoo.com
dc@scbca.org
dd.kr80@yahoo.com
ddonwatt@gmail.com
ddoshacker3@gmail.com
deanwilliams9002@gmail.com
decanneresult@gmail.com
declanwilt001@gmail.com
decoboss123@gmail.com
deetrax09@gmail.com
defacer@merahputih.id
defacer_indonesia@ymail.com
degreat111@gmail.com
delcazimp@gmail.com
deliverybox44@gmail.com
deliveryserviceagent04@yandex.com
delviano.cristian@yahoo.com
delysah01@gmail.com
delysah01@yahoo.com
demyandmitri@hotmail.com
denissownyou@gmail.com
dennis.liim888@gmail.com
denniscowelln@hotmail.com
dennishudson742@gmail.com
dennisturner965@gmail.com
desrol65@gmail.com
devbox0@gmail.com,xbossma@gmail.com
deydontknow2341@gmail.com
dfpukltdcontact@gmail.com
dhiajridi12@gmail.com
dhl-colissimo@outlook.com
diamondrerdiva@gmail.com
diamshter12@gmail.com
dickslegt001@yahoo.com
diitanii@gmail.com
dimakanhwik@gmail.com
dimmpomar@gmail.com
dinavandara@gmail.com
dinero016@yandex.com
dinero093@gmail.com
dipkey2@gmail.com
directormails9@gmail.com
discologgy@gmail.com
disdosta@gmail.com
dispatch4558@gmail.com
dj_vista16@hotmail.com
djakdonalds@gmail.com
djelal-samir@hotmail.fr
djsaid84@gmail.com
dkielb282@gmail.com
dking.dking@yandex.com
dkinly0924@gmail.com
dlony.myhood.157@gmail.com
dmnsouza01@gmail.com
dmnsouza02@gmail.com
dnivuragu@gmail.com
dnpin101@gmail.com
docsgorgeous@gmail.com
doctors.lab@yandex.com
dolah.seuman@gmail.com
dolah.seuman@yahoo.co.id
dollypizzu37@gmail.com
donald.benson112@gmail.com
donaldlewis175@gmail.com
donaldmark13@gmail.com
donaye2015noonee@gmail.com
donchris4life2006@gmail.com
donchris90@aol.com
doncolino101@gmail.com
doncolleon@live.com
donflow2015@yahoo.com
dononey101@gmail.com
donotreply@weat.shell
donpeterwalcott@gmail.com
dont.put.email.here@gmail.com
dontcontact@me.com
donttell047@gmail.com
doper2001@yahoo.com
dorklop@hotmail.fr
dorodollar005@gmail.com
downserverdown@gmail.com
doyancc@hotmail.com
doylehonest1@gmail.com
dp060566@yandex.com
dptlots@gmail.com
dr.12mgm@gmail.com
dr.brain1990@yahoo.com
dr.chofer27@gmail.com
dr.gsepp@gmail.com
dr.h4x0@gmail.com
dr.jamesubs3@gmail.com
dr.kamallo2017@gmail.com
dr.rexa1@dr.rexa1.tn
dr.vip.anontun@gmail.com
dr.xnj2015@gmail.com
dr_dancruzs@yahoo.com
dragondevile@hotmail.com
drakewaehner@gmail.com
dravast1@hotmail.com
draywire@she.com
drbhat200l@hotmail.com
drchox@inbox.lv
dreadresult2015@gmail.com
drealpunisher1@gmail.com
dreamisreal05@gmail.com
drippingtoys@gmail.com
drjorge8808@gmail.com
drogbox.cl@gmail.com
dronner@one.co.il
dropbox33334@gmail.com
dropbox@dropbos.com
droplogz89@gmail.com
dscent123@gmail.com
dshapland2@gmail.com
dsineyland12@gmail.com
dsvdsgsdg@gmail.com
dubaislawyinee@gmail.com
duitmagentoku@gmail.com
duyaing01@gmail.com
dv691628@yandex.com
dwash11@yandex.com
dwisekid1@gmail.com
dyakfamily_@gmx.com
dyslg@hotmail.com
dyz_id@kedaong.com
dz.injctor@gmail.com
dzeza2013@gmail.com
dzph@bk.ru
dzzsonyx@gmail.com
earn1income110@gmail.com
easywaylogs@outlook.com
ebanga005@gmail.com
ebill.virginmedia.com-mail
ebonybpicture86@aol.com
echaabi005@gmail.com
edokeed7@gmail.com
edwarddavisjr750@gmail.com
edwarddiaz50@gmail.com
edwardmorson@yahoo.com
edwin.confortable@gmail.com
eelqnn@yandex.ru
eelsmarch@gmail.com
ef50185@gmail.com
effes@zalet.org
egy_spider88@yahoo.com
egy_spider@hotmail.com
egy_spiders@ymail.com
ehiosuanthony@yahoo.com
ejykesouth@gmail.com
ekimcool@yandex.com
elainejbumsttead@gmail.com
elaounielmaazouzi7@gmail.com
elcuate2339@hotmail.com
eleanorwallacee@gmail.com
elenarichard667@gmail.com
elite8@gmx.com
elizabeth.asa@outlook.com
ellaskyrobertariess@gmail.com
elma.tang.gzyuebao@yandex.com
elmoreric3@gmail.com
elvis.agency@gmail.com
elyasspam@hotmail.com
elyasspam@yandex.com
email@domain.com
email@example.com
emailreciever@email.com
emailsent00@gmail.com
emailwark@gmail.com
emeboy4@gmail.com
emeek411@gmail.com
emeraldmark40@gmail.com
emilyanderss61@gmail.com
eminer20009@gmail.com
emmatankoua@gmail.com
emmaugo19@gmail.com
emmaugo19@yahoo.com
emmdemtt@gmail.com
emmysparzy1@gmail.com
employmentbusinessresume@gmail.com
enarebiahaceni11@gmail.com
eng.karam93@yahoo.com
engcolinjj@gmail.com
england.katty@gmail.com
engr.thomasfletcher@gmail.com
enima.nino1@gmail.com
enimikky4luv@gmail.com
enitanbenson@gmail.com
enitanbenson@hotmail.com
enitanbenson@yandex.com
ensystex-iiinc@yandex.com
entitydaycalt@gmail.com
enz007y@gmail.com
enzoho760@gmail.com
epangpentol19@gmail.com
eppiiy2015@gmail.com
eppinigeria@gmail.com
equallib12@gmail.com
eric.schreur@yandex.com
ericc9111@gmail.com
ericmelder1@gmail.com
errn0rep0rt@gmail.com
escafini4real@gmail.com
escalatemag@gmail.co
esiga@free.fr
est19xxmlord@gmail.com
estellevezidebeer@gmail.com
esthephoenixparts@gmail.com
esthermajewsk@gmail.com
ettaki.81@gmail.com
eu365b@gmail.com
eugmullins@gmail.com
europe.jigga@gmail.com
evanjudge37@gmail.com
evans90914@gmail.com
evegris19@gmail.com
evelynscott969@gmail.com
everlastingwirefunds@gmail.com
everli.killz@gmail.com
evesykora@gmail.com
evil0rdercitylogzz@gmail.com
evil9der@gmail.com
exilibre7@gmail.com
exponutrition.22@gmail.com
eyas.ma@yahoo.fr
f.heising.luesebrink@gmail.com
f4lcong@gmail.com
f4st.forius@gmail.com
facbaniicukpul@gmail.com
facemaknassy@gmail.com
fadtem@yandex.com
fahimmagsi@gmail.com
faholako@yahoo.com
faisal.lightspeedme@gmail.com
faithfaith0398@gmail.com
faithfaith0399@gmail.com
faithingod0108@gmail.com
falcultyjoe@gmail.com
fallagkill3r@gmail.com
fallagmahdi@hotmail.com
famousme71@gmail.com
famouxgee@gmail.com
fancyax@gmail.com
faouzi511@HoTmaIl.cOm
faqux1@gmail.com
farah_tradinqco@yahoo.com
faresamara95@gmail.com
faresdigol@gmail.com
fargo84@rocketmail.com
faris_romantic2000@yahoo.com
faroukprovost@gmail.com
farshad.hurnan@gmail.com
farzycee@gmail.com
fast3x@hotmail.com
fastbest33@gmail.com
fatchlogstics@gmail.com
fati.brosse@outlook.fr
fatimamama700@gmail.com
favourmills@yandex.com
fbiheadquarters15@gmail.com
fbireclaimdepartment@dvaar.com
fe.mod011@yandex.com
fedora.chen.polymet@gmail.com
fedxcourier11@gmail.com
feelcomz@gmail.com
feelingg685@gmail.com
feester1@blueyonder.co.uk
felixbrianmark@gmail.com
femigidi@gmail.com
femijonescbn@gmail.com
feofeoz443@gmail.com
feofeoz443@outlook.com
feskadosh@gmail.com
festonah112@gmail.com
festus.okwu@yandex.com
fgggyf@yandex.com
fghjomel@yahoo.com
filagenio898@gmail.com
filtywealths@gmail.com
findsems.alkenzsmtp@yahoo.com
findthemgo@gmail.com
finn_jake2000@yahoo.com
finnssonaudunn1@outlook.com
fionaandersonuk@gmail.com
firmconsult2002@gmail.com
fitone2022@outlook.com
flashneew@yahoo.com
flcautoh@gmail.com
flomogurl@gmail.com
fnefen@usa.com
foaadsss27@gmail.com
focusyearme@yahoo.com
fomatxt@yahoo.co.jp
forbiddenmr403@gmail.com
foroldman@gmail.com
fraank20014@gmail.com
frag2frag@gmail.com
franchizebill@gmail.com
francisjason251@gmail.com
francisuche44@gmail.com
frank_errick@outlook.comm
frankcollins8033@gmail.com
frankdavis00100@gmail.com
franklin.new@yandex.com
frankmorgan324@gmail.com
frankotas@in.com
frankraheem00@gmail.com
franksake@outlook.com
frankwarsame@outlook.com
franm1578@gmail.com
franm1578a@gmail.com
fraudakid@gmail.com
fraudalamaxim@gmail.com
fred.gibson112@india.com
fred@brandmarketingagency.com
fredaddo@gmail.com
fredbills45@gmail.com
free.foxe@gmail.com
free2pichy@gmail.com
freelongrun219@tutanota.com
freemakota@gmail.com
freenetworkkmc@gmail.com
freezi4real23@hotmail.com
freshbaby896@gmail.com
freshboi4life90@gmail.com
freshboss@jordan.com
freshdude001@gmail.com
freshnewly@she.com
freshvelalogin@gmail.com
frey.avellin@yandex.com
friskaanindya@yahoo.com
fsinicropi1@gmail.com
ft9083@gmail.com
fudtools@gmail.com
fulano@cu.com
full@info.com
fullmagic27@gmail.com
funggshai22@gmail.com
futureking341@gmail.com
fzfz484d@fz58sdfs.com
g90mvp@gmail.com
gabby.cash@yandex.com
gabby.west@defcommunications.com
gabbyshell44@outlook.com
gabkinihun@gmail.com
galaksiid@gmail.com
galaman248@yahoo.com
galaxyinvestmentpartner@gmail.com
galihwisnuaji1@gmail.com
galinha.louco@gmail.com
galuispat@yahoo.fr
gameboychuzzy@yahoo.com
gamecox9@gmail.com
gamekuji@gmail.com
gangbangshot7@gmail.com
ganiyatmi@gmail.com
gaso@anitaramos.com.mx
gaun8015349@163.com
gaupsets06@gmail.com
gayamenx5@gmail.com
gayaxx10@gmail.com
gbanaboy1@gmail.com
gbanaboy@gmail.com
gbkayak15@gmail.com
gcaash2014@gmail.com
gcgroupinc@outlook.com
gchochona@gmail.com
gcp88888@gmail.com
gdandungg@inter-like.com
gdkvrkbrvrkbr@gmail.com
geani2013@yahoo.com.br
geisterfahrer@linuxmail.org
generalbox1010@gmail.com
generalforall35@gmail.com
generalrichmond01@gmail.com
genmelvinray@gmail.com
gentlepapi1@gmail.com
georgemac419@gmail.com
georgiolane1@yahoo.com
gerald_cella@yahoo.com
geraldsolomon07@gmail.com
gert.mon@libero.it
gf52390@gmail.com
ggg-w@live.fr
ggg234g@gmail.com
ggison141@gmail.com
gh01blaick@gmail.com
ghaidemenos.westerbeke@yandex.com
ghalia8282@gmail.com
ghanahouse2015@yandex.com
ghasssanassiprivate@gmail.com
ghjk920@gmail.com
ghogonono@gmail.com
ghost.rb3@gmail.com
ghost@happyspammer.com
ghxcom10@gmail.com
gidigaan@gmail.com
giftedgroup0147@gmail.com
giftedmails@gmail.com
gillman2017@yandex.com
ginola080@gmail.com
glamabell731@gmail.com
godblessme022@gmail.com
godfirst7999@gmail.com
godmade101@gmail.com
godmail20@gmail.com
godofmercy1304@gmail.com
godsonlog@gmail.com
godspowernnaemekaumeh@gmail.com
godwinbobo@yahoo.com
gogreenhacker@gmail.com
gohack66@gmail.com
gohackspam@gmail.com
goldbbw@gmail.com
goldcem2018@gmail.com
goldcem@aol.com
golden.logs01@gmail.com
goldmanagement2@gmail.com
gomorad30@gmail.com
gomorad@gmail.com
goniwethobeka@gmail.com
goo.dave2015@yandex.com
goodboy0987@yandex.com
goodformywork@gmail.com
goodgod1177@gmail.com
goodloggs@yandex.com
goodmanfrank08@gmail.com
goodnews@fcbfan.com
goodnewsyeso@gmail.com
google@live.ie
goolgles.com@gmail.com
gooodlogs@gmail.com
gopaycek@gmail.com
goresulta@gmail.com
gpwire@googledocs.org
gqngsta@gmail.com
gr8hamorny@gmail.com
gracejoe5555@gmail.com
gracejulia300@gmail.com
gracevito111@gmail.com
grantperry143@gmail.com
grayj2184@gmail.com
greaterhigherleveltop@gmail.com
greg2mdcompany@gmail.com
greggresultbox@gmail.com
greglucas158@gmail.com
greyraymond77@gmail.com
greyraymond@yandex.com
gstrauss29@mail.com
gtafundd@gmail.com
gtbmoni@gmail.com
gucci@king.com
gudang.penyamun@gmail.com
gudangnya.bijiq@gmail.com
gudeqiin@gmail.com
gudlogs660@gmail.com
gudlogz1@gmail.com
guess@forming.com
gui.mauro1990@gmail.com
guldenlurv@yahoo.com
gunn.hack@gmail.com
guntehrfigaroo@gmail.com
gustavklaszdorf@gmail.com
gvrath@gmail.com
gzinflate@gmail.com
h.wire900@gmail.com
h2orlzz@gmail.com
h4kurd007@gmail.com
h4x0rKSA@yahoo.com
hackattackdude@gmail.com
hacker-gtx0@hotmail.com
hacker.khan@xtra.co.nz
hacker.kidlove9x@gmail.com
hacker.tn.chebil@gmail.com
hacker.tn1765@gmail.com
hacker@forever.org
hacker@rashyd.com.ng
hackerslounge101@gmail.com
hackersonke123@gmail.com
hackseo@post.com
hadidi44@ymail.com
hag.hag.24@gmail.com
hake.zkola@mail.com
hakimoshaki@gmail.com
hakirnian.still@gmail.com
halifia@mail.ru
hamadk12@yahoo.com
hamdibenncirtag@gmail.com
hamdiihamdii@gmail.com
hamdonsu@gmail.com
hamza_osama229@hotmail.com
hamzabkr40@gmail.com
handjulies@gmail.com
hanislimi3@gmail.com
hans.kychenthal@yandex.com
happymood154@gmail.com
harrisondh74071@gmail.com
hassan-_-ijjahmama@hotmail.com
hatim201499@gmail.com
hatrk-@hotmail.com
hawkdriver63@yahoo.com
hax0r3dg3@gmail.com
haxcode1@gmail.com
haxorkiller1@gmail.com
haxormrghost@gmail.com
hc19521952@gmail.com
heather.airframesalaska@yahoo.com
hebarmd@gmail.com
hebei.runchengsales@gmail.com
helenmarionltd@gmail.com
helga.ulmann@gmail.com
helikeher126@gmail.com
helledwar@gmail.com
hellen.welluck@yahoo.com.cn
hellxsingx@gmail.com
helpcentershop@gmail.com
helpinghand21@outlook.com
helpline004@yandex.com
helpmegod.me@gmail.com
henric.torsten@torstenmedicalservices.com
henrybaro12@gmail.com
henrydadsy11@gmail.com
henrykethin300@gmail.com
herdigun74@gmail.com
herim41l@yahoo.com
herkuckberlin@yandex.com
hermanfranklyn@gmail.com
herrero19801@gmail.com
hexoproject@gmail.com
hfred769@gmail.com
hhforexxx@gmail.com
hhhhhh1@yahoo..fr
hhkrnsmsrwada@hotmail.com
hichamhacker@gmail.com
hightaste8@gmail.com
hillievekleedward@gmail.com
hindadil01@gmail.com
hinobiyori@SugiruKage.com
histfile@hotmail.com
hlreurope@gmail.com
hmcbosslogs@gmail.com
hmdllh2017@gmail.com
hoanglongteohnology@gmail.com
hokage365@gmail.com
hokageinfos@gmail.com
hola_nono@hotmail.com
holako@alquds.com
holako@live.de
holapp@from.com
hollyman247@gmail.com
homeloving@protonmail.com
hoodmillionaire101@gmail.com
hooligans3assima@gmail.com
hopful101@zoho.com
horneymace@gmail.com
hotpoint-001@hotmail.com
hottylogins@gmail.com
hous.hous.hous.2016@gmail.com
hous.hous.hous@outlook.fr
house@123rave.com
howardrosell4@gmail.com
howlandgirl2015@gmail.com
hq2200@yahoo.com
hrhbox2015@gmail.com
https.zaki@gmail.com
huatian19@yahoo.com
huken90@gmail.com
humbleloyal347@gmail.com
hunterxsniper12@gmail.com
hustler.teamwrker@yandex.com
hwa.hack@gmail.com
hythan7@gmail.com
i-u@hotmail.com
i@mroth.ru
i@sa3eka.us
iaks7155@gmail.com
iamayeopare@gmail.com
iamback4good@yandex.com
iamforevergreatfull@gmail.com
iammaykris@gmail.com
iamrobot@secmail.pro
iamtriumphant07@gmail.com
ian.dean002@gmail.com
ibakare14@outlook.com
icetrading@qq.com
icici@romablinds.com
icomefirst@outlook.com
icontact565@gmail.com
idagabriel146@gmail.com
idcash@cashinc.com
ideamasina8@gmail.com
idristapha@gmail.com
idtoolz@yahoo.com
ifeanyioguego@gmail.com
ifexec@gmail.com
igorexdd@gmail.com
iheb.tools@gmail.com
ihebking6@gmail.com
iirerox@gmail.com
ikhallouq@gmail.Com
ikokomessi@outlook.com
ilahianes@gmail.com
iliass.pop@gmail.com
ilyasresult@mail.ru
imamlogs@gmail.com
imissyou@btamail.net.cn
ims2418@gmail.com
inbox404@voila.fr
inbox@ahlynet.com.eg
inbox@usaa.com
inboxresultz@yahoo.com
incluircadastro@gmail.com
incomealerts@outlook.com
indonesia.defacer@gmail.com
inflost@gmail.com
info.imf.uki@gmail.com
info.schotsmachinery@gmail.com
info@agrupacion1-4escala.com.ar
info@construsolution.com
info@documents.com
info@el-nacional.com
info@filefree.com
info@goldmenu.com
info@irs.gov
info@lov.com
info@lovelula.com
info@mheta-group.com"
info@mindyourbody.ca
info@outlook.com
info@parismontrealend.net
info@senbox.net
info@sts.calu.edu
info@syavayaeng.co.za
info@zammanyworld.com
infoicb76@gmail.com
infolag121@gmail.com
inforbart@gmail.com
informacion.cuenta101@gmail.com
infos@Aguda.ng
infos@hacker_Shenzen
infos@services.com
infotrade567@gmail.com
ingridengstrom5@gmail.com
injectoor.id@gmail.com
injector69@cyberservices.com
injector_db@hotmail.com
injectornew@gmail.com
injectortarget@gmail.com
innoppyson@gmail.com
insaf.zouhdi20001@gmail.com
inshalogs@gmail.com
inspiredlean@gmai.com
instantepay@gmail.com
intareleeeee@gmail.com
interactwiithnoi@gmail.com
interviewdesk010101@gmail.com
inzalinza145@gmail.com
ionut.popa2020@gmail.com
ionutangel13@gmail.com
iprofumidelmormo@gmail.com
iptoolsend.inbox@gmail.com
irandomstuff.com@gmail.com
isaacblings@outlook.com
isak_dz@outlook.com
isek500@aol.com
ishi.master419@gmail.com
ishmael@googledocs.org
islogs@yahoo.com
ismailbennanikella@aol.com
ismailbennanikella@yahoo.fr
ismailobaba001@gmail.com
isukpa3663@gmail.com
iswell6@gmail.com
italkmoni@gmail.com
itdesk6@gmail.com
itsfwbj@gmail.com
itswell111@gmail.com
iv-@HotMaiL.CoM
iwantyour@a.ss
iyanuasele11@mail2john.com
iyke_banti@hotmail.com
iykeland@yandex.com
izzyricch@yandex.com
j.zellman01@gmail.com
j2helpme@gmail.com
j4rof12@gmail.com
j4rof@hotmail.com
jackauto2004@gmail.com
jackiesh82@gmail.com
jacknilson0077@gmail.com
jacksloginz@hotmail.com
jacksmith3811@gmail.com
jacksonbabak@gmail.com
jacksonnauls@gmail.com
jacksonnauls@yahoo.com
jackwash1759@gmail.com
jadorder@gmail.com
jagalancc@gmail.com
jalang@hush.ai
jalangsaya@gmail.com
jalil.faradji@gmail.com
jamalsalau@gmail.com
james.hills47@yahoo.com
james.lamberrt11@gmail.com
james28philip@gmail.com
james@james0baster.web.id
jamesbee588@gmail.com
jamescharles277@gmail.com
jamescomey589@gmail.com
jamescooper388@gmail.com
jameshomer423@gmail.com
jameshood1a@gmail.com
jameskumarprem@gmail.com
jameslaura01@gmail.com
jameslauraz02@gmail.com
jameslexi12@yahoo.com
jameslgillman@gmail.com
jamesmathinsclaims@gmail.com
jamesmill66@gmail.com
jamesmor853@gmail.com
jamessteven1971@gmail.com
jamesstyles252@gmail.com
jamestime12340@gmail.com
jamestroy234@gmail.com
jamestroy234@yandex.com
jameswibkid@gmail.com
jameswilliams000009@gmail.com
jameswilliams2913@gmail.com
jamiesco753@gmail.com
janad.hanjk@yandex.ru
jancok@matamucok.com
jancuk@live.com
jane.eckert2016@gmail.com
janehenry021@gmail.com
janetwalex1@gmail.com
jaredfox44@outlook.com
jarjar_h@yahoo.com
jaronmorgan776@gmail.com
jasmin.looser91@gmx.ch
jasonlaurence4321@gmail.com
jasonmr85@gmail.com
jatbossreportpage@gmail.com
javacc@ymail.com
javad.abu@yandex.com
jayblisson@gmail.com
jayceefl93@gmail.com
jayinde07@gmail.com
jayloginss@gmail.com
jaymasterjay16@gmail.com
jaymasterjay16@outlook.com
jaymasterjay17@gmail.com
jbisdorfjaffelawcom@gmail.com
jbloginbox@gmail.com
jbrian824@gmail.com
jburt31@outlook.com
jdboy1414@gmail.com
jdboy1717@yahoo.com
jdebby06@gmail.com
jealoustwentysixteen@gmail.com
jeannojdhe@gmail.com
jeansuzanne667@gmail.com
jeconerty@blumail.org
jedijedi2015@gmail.com
jeffmandk@gmail.com
jefry@anaski.net
jem.smith@yandex.com
jennifergagbaosi@gmail.com
jenny-alex@metalksan.com
jephywilfred@jephy-webmail.com
jeromevalcke58@gmail.com
jerryresults@gmail.com
jesse.dre@yandex.com
jessedre0@gmail.com
jesseroyal10@gmail.com
jessicacorrera@gmail.com
jessicafallon755@gmail.com
jessicagalvan2016@gmail.com
jessyminis@yahoo.com
jesuswire80@gmail.com
jgunn190@gmail.com
jharrison770@gmail.com
jidemarvel1313@gmail.com
jidofixglobe@gmail.com
jiggahov01@yahoo.com
jiillkgates@gmail.com
jimgitrust@gmail.com
jimi104usos@gmail.com
jimzubteam@gmail.com
jinshutope1@hotmail.com
jjjjcarew@gmail.com
jkeitel300@gmail.com
jltnnterprises@gmail.com
jm423290@yahoo.co.uk
jnopye@gmail.com
jnrgege147@gmail.com
jobmine1@gmail.com
joe1baba07@hotmail.com
john02peterl@gmail.com
johnade001@gmail.com
johnallen2005@yandex.com
johnallen2005@zoho.com
johnmerkers@gmail.com
johnmithy45@outlook.com
johnna8989@outlook.co
johnnelsonart7777@gmail.com
johnnyblazer42@gmail.com
johnnzube6@gmail.com
johnpetersjohn6@gmail.com
johnsonjames002dc@outlook.com
johnsonmartin@yandex.com
johnwoo0007@gmail.com
johnworkman1252@yahoo.com
johume31@gmail.com
joinactive@gmail.com
jojo_armani@hotmail.com
jojoarmani212@gmail.com
joker.simo91@gmail.com
jokwilly01@gmail.com
jonesbauercorcoran@ymail.com
jonhall981@yahoo.com
jonmil@gmail.com
jonnesthomass30@gmail.com
jonnhyevans@yahoo.com
jonssonines@gmail.com
jooe.bec007@gmail.com
josephhonvon10@gmail.com
joshdun237@gmail.com
joshuadespain02@gmail.com
jossyace20@gmail.com
josue4pri@gmail.com
joy.joy.joy1@yandex.com
joypaynee806@yahoo.com
joytoni45@gmail.com
jp@webchilly.co.in
jpakistan24@yahoo.com
jpauludo@gmail.com
js345093@gmail.com
jteric@blumail.org
judcohen@yahoo.com
judeblaze31@outlook.com
judekdjudekd1@yandex.com
juice.central@yahoo.com
juleslasner@yahoo.com
julie.stewart@msn.com
juliusbrooks101@gmail.com
justdam1101@gmail.com
justmakelog@gmail.com
justsitmaster@gmail.com
justtire@gmail.com
juvenermercy@gmail.com
juwonlo7@gmail.com
jwalter0007@gmail.com
jwanjru@highviewdental.co.ke
jwatss010@gmail.com
jwilliamcaress@yandex.com
jwire243@gmail.com
jzarnrke@gmail.com
k.mourtalag@gmail.com
k3y@b4nk.ru
k4bciki@gmail.com
kaiosilvaaa2016@gmail.com
kalilo2002@live.com
kalimix1@gmail.com
kane@kanesangels.com
kaox1988@gmail.com
kar4@hotmail.it
karam_jeune@hotmail.com
kare.reith@gmail.com
karenllundgren@gmail.com
karenvarner1986@gmail.com
karimkherraz@gmail.com
karragerj@yahoo.com
karshydrop28@gmail.com
kassoul14720@gmail.com
kat.price300@yahoo.com
katewacin5@gmail.com
katlinmashek@gmail.com
kayodesumola@gmail.com
kayyo1893@gmail.com
kazzu.237@gmail.com
kbaba2014@gmail.com
kbrith11@gmail.com
keane010203@gmail.com
keeperlight@protonmail.com
keepitlow516@gmail.com
kefiex403@gmail.com
kefiex63@gmail.com
kefiex@hotmail.com
keithluis04@gmail.com
kekiscott11@gmail.com
kelvinfoster1976@gmail.com
kelvinjackson4201@gmail.com
kelvinstimson019@gmail.com
kelvinwilliams100@gmail.com
kempez@blumail.org
ken.bruse@yahoo.com
kendrickcza@gmail.com
kendrii@muslim.com
kenned100perce@job4u.com
kennedyjames603@yahoo.com
kennethnwankwo1234@gmail.com
kennyadex007@gmail.com
kennyolaoye@gmail.com
ketgdo@gmail.com
kevantownsend01@gmail.com
kevin.martins15@gmail.com
kevinhanson1232@gmail.com
keystrokeloggers33@gmail.com
keyword.tech.2017@gmail.com
khan.umbro@yahoo.com
khannna.kk@gmail.com
khannna.kk@yandex.com
kheireddineparisien@gmail.com
khkhkh@thpro.com
kholm052@gmail.com
khorsedalam19@gmail.com
kiank@secure.eg.co.uk
kid.loveit9x@gmail.com
kidsandhapp@gmail.com
killerzodiac9@gmail.com
kimulandrew@gmail.com
kinbokun2234@gmail.com
kingdavids600@gmail.com
kingmakersupernova@gmail.com
kingmoreresult@gmail.com
kingoflogs@gmail.com
kingofspam231@gmail.com
kingperry1001@gmail.com
kingtimoski007@yahoo.com
kingtimoski1987@gmail.com
kintilkibings@yahoo.com
kir1953@yahoo.com
kissiyass@yahoo.com
kittanwire1@gmail.com
kjubi.wildclique@gmail.com
kkttddnn@gmail.com
klal3mr@gmail.com
klaverbeek.jan@hotmail.com
klee@me.com
klewis97661@gmail.com
kliverz1337@gmail.com
klvms1@gmail.com
kmq@hotmail.com
kna@hotmail.com
knarfllogs@gmail.com
knashcarer@yahoo.com
knsint@ymail.com
kntnight@gmail.com
kod3cc@gmail.com
koggyjay@gmail.com
kohehasa@gmail.com
koisosi8@gmail.com
kole.tunes@gmail.com
kollefever@gmail.com
kolorunmamunwa@gmail.com
kong1050100@gmail.com
kopipanaseuy@gmail.com
koukidali4@gmail.com
kplus66@hotmail.com
krisstyle1289@protonmail.com
kristawhite1692@gmail.com
ks4gp23101@gmail.com
kubuya11@gmail.com
kucingliar2013@gmail.com
kucinkelite@gmail.com
kumarluckyswami90@gmail.com
kunbenjamin12@gmail.com
kuncung525@yahoo.com
kuncungaja@yahoo.co.id
kunleole1@gmail.com
kunmibright100@gmail.com
kurdlinux007@gmail.com
kwekukweku@yandex.com
kylegrey34@gmail.com
kyo9x2016@gmail.com
kzshola@gmail.com
l33bo@icq-695059760.com
labscoral@gmail.com
lacross.beacon@gmail.com
lagosboy419@gmail.com
laidelogz@qq.com
laidenatty@zoho.com
laidetuntun@gmail.com
lailhart@yahoo.com
laiwai2m@gmail.com
lakekhamal@gmail.com
lalabene@netcourrier.com
lamihack@yahoo.com
lamlomtv@gmail.com
lannaba68@gmail.com
laporan.backdoor@gmail.com
largetf10k@gmail.com
largetf10k@hotmail.com
largetf10k@yahoo.com
larr.morris@yandex.com
larryknowsbest@gmail.com
larrysalmon551@tuta.io
lasnerules190@gmail.com
lassp2030@gmail.com
lastbornwizard@gmail.com
lauraclifton539@gmail.com
lauren@se-holldings.com
laurentfrost001@gmail.com
law_c@yahoo.cn
lb2023112@gmail.com
lbossn@hotmail.com
leahmc1@rocketmail.com
lee746018@gmail.com
leehassanx@gmail.com
leet.jenin@gmail.com
legendresult@yandex.ru
legzyboss@mail.ru
legzyresult@excite.com
legzyresult@gmail.com
legzyresult@zoho.com
lendirsetan69@gmail.com
lennongary93@gmail.com
lewisnelson323@gmail.com
lgbox350@gmail.com
lgreen9840@gmail.com
liamaukland@aol.com
libbyvic12@gmail.com
libyana.viurs@gmail.com
light.eren@yandex.com
likeskevin@yahoo.com
lilgbc@yandex.com
liliaflow22@gmail.com
liloulolo3@gmail.com
lilusher74@gmail.com
limnager@gmail.com
lindagraef7464@gmail.com
lindaonnl101@gmail.com
linkcontech@gmail.com
linkdevolp@gmail.com
linkscam01@gmail.com
linkserve20@gmail.com
linus.danny@outlook.com
linusdanny7@gmail.com
lionelkrasich@gmail.com
lisettexlacroix@gmail.com
liuzhousteel@gmail.com
liv03073@gmail.com
ll_azab_siyah_ll@yahoo.com
lloydsmasters@gmail.com
lloydtodd77@hotmail.com
lmbrmy@gmail.com
lmecheckit@outlook.com
loeverr@addenda.com.pl
log.8ox@yandex.com
log.fish@yandex.com
log200020@gmail.com
log@amine.com
logas@ec.com
logbox100@gmail.com
loggercc@yahoo.com
login@LCL.fr
login@dennywiranda.com
loginarena1953@gmail.com
loginbox007@gmail.com
logmx2013@gmail.com
logoshappyboi@gmail.com
logoutimam@gmail.com
logs1020@gmail.com
logs@amazon.co.uk
logs@ease.com
logs@lloyds.com
logs@mbna.com
logs@natwest.com
logs@support.my
logs@tradekey.com
logs@yolo.co.uk
logs@zoom.com
logsanz@gmail.com
logsanz@mail.com
logsmaster2015@gmail.com
logsmobb@mail.com
logz4millz@gmail.com
logz@eduza.edu
logzbuxx@gmail.com
logzspecial@gmail.com
logzz@cok.edu
logzz@eduz.edu
loidanyg@gmail.com
loka2589654010@gmail.com
lolaajayi50@gmail.com
lomworld@chasemelom.com
londonukfullz117@yahoo.com
longcat666@yahoo.com
loogs2014@gmail.com
lordchevy@gazeta.pl
lordmahi@yandex.com
lordyemi4@gmail.com
loredana197loredana@gmail.com
louayabidi123@gmail.com
lounadolcy@aol.com
loupearlman68@gmail.com
lourr4ider@outlook.com
lovelylovelysmtp@gmail.com
lover.saso2010@india.com
lovingheartdarlington@gmail.com
lovingheartmannn@yahoo.com
lovisakentta1@gmail.com
lowkiss@yahoo.com
lrnarina0228@gmail.com
lscout8@gmail.com
lucas.grenn00@yahoo.com
lucassaraiva786@gmail.com
luciifer999x@gmail.com
luckskings123@gmail.com
lucksmithowo@gmail.com
luis.arnold12@yahoo.com
luiskeith05@protonmail.com
luther.vick111@gmail.com
luxeryrent@yahoo.com
luxrez@yahoo.com
lynxbryan@gmail.com
lynxxlog369@gmail.com
m.peard@yahoo.com
m.shabbirbarkat@gmail.com
m1l0h.ryuxk@gmail.com
m4d@tunesfactory.net
ma1988army@yahoo.com
macjay863@gmail.com
madjam@blumail.org
madman00@t-online.de
madubueze.simon@yahoo.com
maduleenc007@outlook.com
mafumba2015@hotmail.com
mag2d@bol.com.br
magelang6etar@gmail.com
magentologin2014@gmail.com
magnusson@mvdist.com
mahia2014@yandex.com
mahmud.ghazni@yahoo.com
maidenalex5@gmail.com
mail@from.me
mail@srvd32.hosteur.com
mailas636@ymail.com
mailcontent010@gmail.com
mailhedi007@gmail.com
mailqusere@gmail.com
mails-from@mailerz.com
mailupgrade@yandex.com
maissa2@outlook.com
majnon.majno@gmail.com
majnouna.sa7ara@gmail.com
maknyagento@gmail.com
makor.klink@gmail.com
makrehtsh3d5@gmail.com
maleekberry0091@gmail.com
maleekberry11@yahoo.com
mamalidobobo@gmail.com
mameew7@gmail.com
man.westman12345@yandex.com
mangntsup@gmail.com
maniac.naiem@gmail.com
mansour.010123456@gmail.com
manuel.g4520@gmail.com
manyresults@gmail.com
manyresultss123@gmail.com
manysales011@gmail.com
mar.cusse@yandex.com
marcosilva23424444@gmail.com
maresdanilo@gmail.com
margtaylor109@hotmail.com
mariannafishers@gmail.com
maricmark6@gmail.com
marinka@gmx.com
mark.small501@gmail.com
markdarwin123@gmail.com
markdimmick22@gmail.com
marketing@cielo.com.br
markferri666@gmail.com
marklaus11@yahoo.com
markraphel171@gmail.com
marksalmon5050@gmail.com
marksymcoxy@gmail.com
markusbennettn002@gmail.com
markusterstafford091@gmail.com
markweissman40@gmail.com
markwilsonkids@gmail.com
marli.vianna00@gmail.com
marlim412@gmail.com
marnelpaine@yahoo.com
marouanemouhtadi@gmail.com
marshalibrahim147@gmail.com
martinokere45@gmail.com
martinsjacob452@gmail.com
martman.mart0@gmail.com
marwanjaber204@gmail.com
mary4addison@gmail.com
marycandy1980@gmail.com
marycandy1981@yandex.com
maryharrison122@gmail.com
masbenganteng@yahoo.com
maschinocopeland@gmail.com
mask.navy@gmail.com
mask.navy@yandex.com
masonrashp143@gmail.com
massdddssaa@outlook.com
massihdajjal1@hotmail.fr
masta00brown@gmail.com
master@rootkit.net.cn
masterok2007@gmail.com
matadehot2@hotmail.com
matadehot@hotmail.com
matchloginz@gmail.com
mathematics0j0j@gmail.com
matiganndu@hotmail.com
matt2cute147@gmail.com
mattewpeters1954@gmail.com
matthewkromborg@gmail.com
mattstifler0001@gmail.com
matxcoll@gmail.com
maucourtphillipe@gmail.com
maurywilliam902@gmail.com
maxdaxfax0@gmail.com
maxi1mum017@gmail.com
maxson.n.level@gmail.com
maxwellblair1@gmail.com
may.12th@live.com
may5th@gmx.com
maybunda@ymail.com
mayor@nofriends.org
mayorthings@mayor.org
mbo8152t@gmail.com
mbut2@yandex.com
mc.kdpe9jq@netscape.com
mcimrgn@gmail.com
mcleedevin@gmail.com
md15ev@gmail.com
mdlj2an@gmail.com
me@e-carte.bleue.fr
me@faialahmed.me
mectruy@gmail.com
medmoremore22@gmail.com
medyed01@yandex.com
megacash231@yandex.com
megafingers@yandex.ru
meggagists@gmail.com
meggyholez.inc@gmail.com
mehdi213@live.fr
mehdiga96@gmail.com
mekkiddaya@gmail.com
mekussuhustle@gmail.com
membership@barky.com
meninbox@surabayablackhat.org
menotforu34@gmail.com
mensahammyy@outlook.com
mentori-619@hotmail.com
mercitoutlemonde10@gmail.com
mercy2017me@yandex.com
mercychase1@gmail.com
mercyofgod1989@gmail.com
mercyofgod78781@gmail.com
meroane16@gmail.com
mess.with.police@gmail.com
messagerie20.messagerie20@gmail.com
metoll@inbox.com
metollmoney@email.com
metollmoniy@email.com
meusovosmails@gmail.com
meysairendra@gmail.com
mezlaoui@hotmail.com
mgaddafi2o2@gmail.com
mghadda544@gmail.com
mh0520896@gmail.com
mh_p0rtal@Yahoo.com
mharms.consumedia@gmail.com
mic@Rezlt.org
mic@rezlt.org
michaelalibaba2005@gmail.com
michaelfrank5049@gmail.com
michaelhealey773@gmail.com
michaeljosh55@gmail.com
michaellundgren644@gmail.com
michaelm021262@yandex.com
michaelmrgn53@gmail.com
micheal.brim06@gmail.com
micheal5ur3@gmail.com
michealcruise123@gmail.com
michealdonald32@gmail.com
michealhappyboi@gmail.com
michellengoo22@gmail.com
michrichards47@gmail.com
mickey.palmice@yandex.com
miclawson58@gmail.com
micr0s0flt.acc0unt@hotmail.com
middleeb001@gmail.com
midnightcr3w007@gmail.com
miguel.bentobnk@gmail.com
miguel.infos@gmail.com
mikeresults2016@gmail.com
mikkyjohn007@gmail.com
mikkyyp@gmail.com
milanjohnson020@gmail.com
millarauto@gmail.com
millelaiz616@gmail.com
milli.kim@yandex.com
millyleadley1@gmail.com
minhduong.pjn@gmail.com
minibox02@mail2world.com
miracleonuoha12@gmail.com
mirandajkjk@gmail.com
mircboy1998@yahoo.com"
misteriyou100@gmail.com
mixup1617@gmail.com
mizomen@gmail.com
mj31783@gmail.com
mjidsahbi01@gmail.com
mjtravels121@hotmail.com
mkoreqwe@gmail.com
mo3tazcoder@gmail.com
moetazbusiness@gmail.com
moetfunds@gmail.com
mofazzal006@gmail.com
mogan.cole@gmail.com
mohamedanis7604@gmail.com
mohamedbenrouan@gmail.com
mohamedelouadii3@gmail.com
mohamedhedi831@gmail.com
mohamedspam9@gmail.com
mohamedtribak05@gmail.com
moharribhimayat@gmail.com
moinkhan114@gmail.com
momix@turkiyehack.com
mondice21@gmail.com
moneygocom@outlook.com
moneygocom@yahoo.com
moneylife634@gmail.com
moneymachine7717@gmail.com
moneynightmorning@gmail.com
moneyroom01@gmail.com
monica.putri@yandex.com
monicasmithauto@gmail.com
monirsai007@gmail.com
monkayking@live.com
montalitebak@gmail.com
mooadaannn0@gmail.com
moorelawrence8477@gmail.com
morda66@inbox.ru
more1927art@outlook.com
moreart@pp-result.com
morecashout31@gmail.com
moremoneyinc009@gmail.com
morganstella78@gmail.com
morrengeorge@gmail.com
morrisadvance1@gmail.com
mortaadaa.k@gmail.com
mosbah19971@hotmail.com
moseskent101@gmail.com
moskeltrill@outlook.com
mouad-pro@hotmail.com
mouhamedalihack@gmail.com
moukit@wachokran.com
moulmarkiz@gmail.com
moussa.kane@net-c.fr
mpire.group@yandex.com
mpofuxolani01@gmail.com
mqspammer@gmail.com
mr.antonioxagung@linuxmail.org
mr.dhuaa@gmail.com
mr.herwanmachet@gmail.com
mr.hosam@hotmail.com
mr.joshuavanderhoof@gmail.com
mr.nelsonjim@gmail.com
mr.smoker004@gmail.com
mr.xnightmare@gmail.com
mr3b123456@hotmail.com
mr_abdulilrahman@accountant.com
mr_money11@yahoo.com
mrfemijones03@gmail.com
mrhottie8090@gmail.com
mrkamalagarwal031@gmail.com
mrlarrysss@gmail.com
mrock6696@gmail.com
mrsmaryblack001@gmail.com
mrsnancyhoney1@live.com
mrspy@codex.com
mrv@hotmail.fr
mrwilliams00135@gmail.com
mryassinexs@gmail.com
mryc3f@gmail.com
ms.busuyi@mail.ru
ms03049@gmail.com
msaying@inbox.ru
msnsouhail@gmail.com
mtn4freedom@yahoo.com
mtonyshini@gmail.com
mudiabenson@gmail.com
mugiwaranoluffy@fastmail.com
muhdiqbal324@gmail.com
muizresultbox@gmail.com
muldoc.brown@yandex.com
mulicmonie@att.net
mundomxbs@gmail.com
munir.elhaddadi5@gmail.com
mustchop247@gmail.com
mustchop301@gmail.com
mutantcodeexe@gmail.com
mutantcoode@gmail.com
mvfv@tutanota.io
mvp.collinsrobinson@mail.ru
mw5401528@gmail.com
my.alibabaz@gmail.com
myas1962@yahoo.com
myasss@yahoo.com
mybbcholiday@eml.cc
mybigidol@gmail.com
mygocerra@gmail.com
mylog31700@gmail.com
mylogss123@gmail.com
mymktmymkt@gmail.com
myna.hrr@gmail.com
mynewoffice2017@gmail.com
myorder1902@gmail.com
myrealday1@gmail.com
myresult080@gmail.com
myresult0@gmail.com
myresultboxs@gmail.com
myresultz01@gmail.com
myrzt2@gmail.com
mysqlnice@gmail.com
mysterlince@gmail.com
mystery790@gmail.com
myteam5000k@gmail.com
myxtrips@yahoo.com
mzalima1984@gmx.com
n0p1337@gmail.com
n4sss@hotmail.com
n4tw0rk@yahoo.com
nabiljamil747@gmail.com
nabilothman170@gmail.com
naijaep@gmail.com
naks@top2roues.com
nandiavivek07@gmail.com
naremelod@gmail.com
naresh.nookal@gmail.com
narutoiris@gmail.com
nashkindheart@gmail.com
nasmario10@gmail.com
natchayaamudee@gmail.com
navdeepsethi@outlook.com
naveed.jbaloch@gmail.com
navylogz1@yandex.com
navylogz22@gmail.com
navylogz33@gmail.com
nawfal-jenz@hotmail.com
ndefacer@gmail.com
neelepelt81@hotmail.com
neilfosters22@gmail.com
neiljohnson848694@gmail.com
nekkaz001@yandex.ru
nellyray511@yandex.com
nellywire511@ephonepremium.com
net2bizz@aol.fr
net_fighter@hotmail.com
new@cpanel.com
new@tooolz.com
newacutforme@gmail.com
newbarclaysbankingonlinebankin@gmail.com
newcc@voila.fr
newcollection2626@gmail.com
newcrutz.viper@gmail.com
neweek001@gmail.com
newera@jmnoc.sk
newfundz@gmail.com
newjob2016@yandex.com
newlife1470@gmail.com
newlifema0n@gmail.com
newlifewire4@gmail.com
newlogin@ehay.it
newlogs231@gmail.com
newmeak@gmail.com
newnight.band@gmail.com
newotas@yahoo.com
newperspection@gmail.com
newrespondbox@outlook.com
newresulte889@gmail.com
newresults2018@gmail.com
newresults2018@yandex.com
newrezutboxes@gmail.com
newruzomar@gmail.com
newshell17@gmail.com
newsupdate@pdf.com
newsupdate@servicedrive.com
newsupdate@servisdropbox.com
newsupdated@servisd.com
newyearmabrouk@gmail.com
nextoptions11@gmail.com
nezanro70@msn.com
nfex.def@protonmail.com
nfullrz32@gmail.com
ng689skw@yahoo.com
ng689skw@ymail.com
ng689skw[at]yahoo[dot]com
ngozichukwu111@gmail.com
nicholasederekumor@gmail.com
nicholasgodfrey38@gmail.com
nicholasgual@gmail.com
nicholasjames6387@gmail.com
nichsunnyx@gmail.com
nickkovac0340@gmail.com
nicolecolleen85@gmail.com
nicomanga@secure-mail.biz
nigerhc@yahoo.com
nightcitys@gmail.com
nima_501@yahoo.com
ninonoro1@gmail.com
nkjerkinz@gmail.com
nnabuisi12@gmail.com
no-reply@boulanger.fr
no-reply@impots.gouv.fr
no-reply@ownedtoolz.ru
no_reply@libertyreserve.com
nob@results.com
nobili.mireille@yahoo.fr
nofytasahby@gmail.com
nonioluwa2@gmail.com
nonskilldn3@gmail.com
noor4y@hotmail.com
nordicwinetrader@gmail.com
noreplay@noobassasin.com
noreply.ppl@mail.ru
noreply@microominsfot.com
noreplyunits12@gmail.com
north_guard2@hotmail.com
northernrock121@mail.kz
not.esay9@gmail.com
noteams11@gmail.com
notification.job@gmail.com
notification@gvrcorp.com
notificationupdate799@gmail.com
notifier@msn.com
nouman.sa33d@gmail.com
noura.nada36@yahoo.com
novoteste20130@hotmail.com
novoteste2013b@gmail.com
now_rebellion_time@hotmail.com
nsihjtz@gmail.com
ntorinos@yahoo.com
nunderpricedhost@gmail.com
nybenlogs231@gmail.com
o.lokoso11@gmail.com
obarotrottier@gmail.com
obensocross@gmail.com
oboa2222@gmail.com
oboa222@gmail.com
obomdaboca@outlook.com
ochillguy7@gmail.com
octoberlogs26@gmail.com
ofcmbloginz2012@gmail.com
ofcmbloginz2013@gmail.com
office@kanooie.com
officealertme@mynet.com
officebox002@gmail.com
officedata1976@gmail.com
officelogs419@gmail.com
officeopened@gmail.com
officeresults2020@gmail.com
officespacer2020@gmail.com
officetools2014@gmail.com
officework454@gmail.com
officialholymoney@gmail.com
officiallycashout@yahoo.com
officialrx01@outlook.com
oficeofthe@gmail.com
oga.manger@gmail.com
ogarlucky8@gmail.com
ogsam100@gmail.com
ohhelp3@gmail.com
ojetimesoje@gmail.com
okafor1974@gmail.com
oker.satanos@gmail.com
okwulu4@gmail.com
olaniyiarijeesq@gmail.com
olasunbonifemi@gmail.com
olembe07@gmail.com
oljohnson40@gmail.com
olojeshakara@gmail.com
olopayahoo@gmail.com
olorunanu2015@gmail.com
olufemijunior232@gmail.com
oluomosanchez4041@gmail.com
oluwaK@diocs.org
oluwabenedict02@gmail.com
oluwablessing2017@yandex.ru
oluwalink@gmail.com
oluwanisholah1@gmail.com
oluwashindara101@gmail.com
oluwashindara101@yandex.com
oluwasome@gmail.com
oluwatila@gmail.com
oluwatobiresultbox@gmail.com
omar.nachatte@gmail.com
omar_ali@tilli.com
omegamayer60@gmail.com
onefit1@outlook.com
oneworld@match.com
onizuka.sinka-j@yandex.com
onlinebanking@co-operative.co.uk
onlinebankingdept95@gmail.com
onnooor7o7@gmail.com
onononino8@gmail.com
onyieze1@hotmail.com
ope-Wire@forming.com
operation.directorof@gmail.com
opiapounds@gmail.com
opponepiece00xx00@gmail.com
optimus316@gmail.com
optionsnext@yahoo.com
oracle@oracle.com
orangsholeh@muslim.com
originaltiizt@gmail.com
orlandopirate69@gmail.com
orokeresult@gmail.com
osha@USAA.com
otaelcyber@yahoo.com
otangis2009@gmail.com
otasblessed@gmail.com
otasm@root.net
otasmakota@gmail.com
otilley144@gmail.com
otmack@taxikole.nl
ourladyofpeacegreeley@absa.co.za
oussama.boughanmio3@hotmail.com
oussamalahkiki1996@gmail.com
oussamayasuo007@gmail.com
ovs20016@gmail.com
owen.nil@gmail.com
ownersdirectorsintl@gmail.com
owngym35@gmail.com
owobee29@gmail.com
owogbemu3@gmail.com
owolabisperm@gmail.com
ozcanlesbigboss@hotmail.fr
p.adams343@gmail.com
p.eleniyan2010@gmail.com
p1mmaxweel@gmail.com
p2d5f5s7@gmail.com
padjajaran@pp-result.com
pageresulttogo@gmail.com
pagez@l33bo.website
paidsuccessfully@gmail.com
painsama900@gmail.com
pakdarkangel@hotmail.com
palkerjones@gmail.com
palpay107@yahoo.com
palpay475@gmail.com
pamela.vollond@gmail.com
pamidon77@gmail.com
panacheadvertising@hotmail.com
panenakehmaneh@gmail.com
panjulalstrong558@gmail.com
papazgabriels@gmail.com
paperpabz@yahoo.co.co.uk
paperpabz@yahoo.com
paperstork@gmail.com
papichulo@mss.com
papiloncool@gmail.com
papioiechulo@mss.com
papishuloo09@gmail.com
papura2018@gmail.com
parker0809074151@gmail.com
pas.mate@yandex.ru
pascalee4sleeklee@gmail.com
pashaarshedhjs@gmail.com
passionatepeter10029@gmail.com
pastorjohncbn@gmail.com
patdum05@gmail.com
patiolaurine@gmail.com
patorankin@safe-mail.net
patrckc55@gmail.com
patriciabritt1983@gmail.com
patrick.tomstone@gmail.com
patrickwilliams239@gmail.com
paulanderson672@gmail.com
paulanderson800@gmail.com
paulbuakong202@gmail.com
pauldonovan799@gmail.com
paulodadaj1@gmail.com
payme@netcourrier.com
paypa8998@outlook.com
paypal@rzlt.com
paypal@support.com
paypal@supprot.com
paypal@xxx.com
paypal_LiRa_DoX@support.com
paypal_servers_xboomber@support.com
paywand.taiger@gmail.com
pcook003@gmail.com
pcook003@outlook.com
pedpee007@gmail.com
pedro@posh.org
pedroalejandro@163.com
peepee007@yandex.com
pelleconfirmation@gmail.com
penikmatcc@gmail.com
penikmatcc@yahoo.com
penjahat4@gmail.com
peppergreen111@yahoo.com
pepperhustle@gmail.com
perampokppl@gmail.com
percyjack342@gmail.com
perfectcut011@gmail.com
perkins2088@gmail.com
peter.huynh95@gmail.com
peter.lambery128@gmail.com
peterclint4@gmail.com
peterdlegend@aol.com
petersmith.smith62@gmail.com
phamtnugphuong02@gmail.com
phanthny0686@gmail.com
pharon@she.com
phemiviktor231@gmail.com
phillip.davis01@gmail.com
phillipforster101@gmail.com
philliprice004@gmail.com
phismail1234@gmail.com
php_ini@126.com
phuongnl.tanco@live.com
phyno323@gmail.com
pianiste131@gmail.com
pickrocheat.inc@gmail.com
pietro.valdoni@hotmail.com
pimpylogs@gmail.com
pinkrozey17@gmail.com
pintopaulo660@yahoo.com
piracanjuba666@bol.com.br
pisca_pisca14@hotmail.com
pisher.blackserver01@gmail.com
pkadiri41@gmail.com
plackmr@gmail.com
plarry319@gmail.com
plaughlin895@gmail.com
plaughlin895@yahoo.com
pncbanklogs@gmail.com
pngoctrinh87@gmail.com
poker.sadeg1@gmail.com
pokolake@gmail.com
polyanitsya2022@rambler.ru
pooichai6@gmail.com
popigbo1@gmail.com
poplins.gggs@gmail.com
postale.foxe@gmail.com
postghostip@gmail.com
postmaster@googleplus
postmaster@googleplus.com.us
postmaster@webmaster.com
postmasteragencies@gmail.com
poti.sadz@gmail.com
powell.water@mail.ru
powellwater1@gmail.com
powellwater2skull@gmail.com
pp051516@gmail.com
ppc844848@gmail.com
ppl.mailcenter@gmail.com
prattfort@gmail.com
prewitt26@blumail.org
prewitt26@yahoo.com
primatt22@gmail.com
princemakota@gmail.com
priphp@hotmail.com
privatemail08080@gmail.com
privatemail4412@gmail.com
pro@g.com
pro_vro@yahoo.com
production.citron@gmail.com
professor1256@gmail.com
programmed by jaaaliiikom
pronto@bebe.com
pronto@bezerrabankers.com.br
proseskeylog6@gmail.com
proudlegit@gmail.com
psherwoodmarketing@gmail.com
psyco.resulta@gmail.com
ptrlynke1@gmail.com
puccylog@gmail.com
pudge1@hushmail.com
pushakay27@gmail.com
pushingp@yandex.com
put.email.here@gmail.com
putraperdan840@gmail.com
pw131392@gmail.com
q7kemail@gmail.com
q_q_x_x@yahoo.com
qanda@armcokeresulter.com
qazwsxedc12338251@gmail.com
qhsphone@gmail.com
qinory@plasa.com
qualitylandscape18@gmail.com
quave_leslie@aol.com
quemaisnao@hotmail.com
qz3@live.fr
r.97@gmx.com
r.philips2015@yandex.com
r00t@Ankit1337
r00t@dns.jo
r0x@outlook.fr
r2r@hacker.ps
r3sult007@gmail.com
r3v3ng3ns AT gmail DOT com
r_mophie@yahoo.com
raafatben007@gmail.com
rabomgonzalez@gmail.com
racem.triki@hotmail.com
rafaelzinho.psy@hotmail.com
ragnarvkings@gmail.com
raheem.frank@yandex.com
raibartoo@yandex.com
raj.mn@iname.com
rajivgupta@holetube.com
ramirezdaniel131@gmail.com
ramseylowejeff@gmail.com
ramzkie75@gmail.com
randomloading@tutanota.com
raregemolu@gmail.com
rareman016@gmail.com
raskidon2015@yandex.com
ravputra@gmail.com
rawachraf@gmail.com
ray.davis321@gmail.com
raybrntn07@yandex.com
rayenayari504@gmail.com
rbox805@gmail.com
rbruce3100@gmail.com
rdp_2@hotmail.com
rdphome01@gmail.com
rdzaidi1@gmail.com
rdzaidi2@hotmail.com
re.sulta3@gmail.com
readytool@yahoo.com
real.fellaz@yandex.com
realtor.logs017@gmail.com
red.one.ma.6296@gmail.com
red_planets@yahoo.com
reda.bokseur@gmail.com
redaadam49@gmail.com
redawizzyy@gmail.com
redeyework231@gmail.com
redx.akoniak@gmail.com
redxmb3@gmail.com
reedwan009@gmail.com
rehailiabdelkader@gmail.com
remains30039@gmail.com
remaxbox70@gmail.com
remaxbox70@yandex.com
remetente@mail.com
rentalforsure@aol.com
rentlife9060@gmail.com
replenishcompany3@gmail.com
reply@abcpixel.net
reply@result.com
reportjohnson@gmail.com
reportlogin111@gmail.com
reputable3811@yandex.com
res7ockid@gmail.com
reset@mainwall.org
resetcpanel@gmail.com
restauchop073@proton.me
resullt@mail.fr
result.box11@yandex.com
result01@outlook.com
result2015box@outlook.com
result2020@hotmail.com
result983@gmail.com
result@log.com
result@selfmade.net
resultat404@gmail.com
resultats@tsbdumbs.com
resultbox0419@protonmail.com
resultbox100120@gmail.com
resultbox11@outlook.com
resultbox1234567890@gmail.com
resultbox197@gmail.com
resultbox1990@gmail.com
resultbox1994@gmail.com
resultbox2010@gmail.com
resultbox20144@gmail.com
resultbox2330@gmail.com
resultbox29@hotmail.com
resultbox333@gmail.com
resultbox365@gmail.com
resultbox418@gmail.com
resultbox500@blumail.org
resultbox9000@yandex.com
resultbox99999@gmail.com
resultboxes@yandex.com
resultboxww@gmail.com
resulte.04@gmail.com
resultlink2015@gmail.com
resultmee@gmail.com
resultpage009@gmail.com
resultresultstudent@gmail.com
results.loggs1@gmail.com
results@abramarferragens.com.br
results@loanss.slc.co.uk.com
results@pof.com
resultsbox1993@gmail.com
resultshere2@gmail.com
resultsnipper@gmail.com
resultsoffice365@gmail.com
resultspecial02@gmail.com
resultstudent@yandex.com
resultszx@gmail.com
resultuserbox@gmail.com
resultx@mail2world.com
resultx@yandex.com
resultxxxxx@gmail.com
resultz@ndasma.id
resumebox85@yandex.com
revsilder@gmail.com
rex.00@outlook.fr
rexrosc@gmail.com
rez.vbv@gmail.com
rezlt.vbv@hotmail.com
rezult.ltd@gmail.com
rezult@bofaDOTcom
rezult@is.td.pot
rezult@rez.com
rezult@support.com
rezulta.00@mail.com
rezultat.gaafouri@gmail.com
rezultaz.spamer@gmail.com
rezultikoo@yahoo.com
rezults88@gmail.com
rezultsofyounes@gmail.com
rfllapan@gmail.com
rgreig04@gmail.com
riccarlum@gmail.com
ricchizzy@gmail.com
richard.a.gonzales@openmailbox.org
richardbrysonh@hotmail.com
richardmccolin001@yandex.com
richardruvalcaba234@gmail.com
richie.yoms25@gmail.com
rickmalta001@yahoo.com
ricksmithnig45@yahoo.co.jp
rickwheeler13@gmail.com
ridaq16@yahoo.com
ringo.momo@yandex.com
rks1060@yahoo.com
rksniper198@gmail.com
rlandderek@gmail.comy
rm939392@gmail.com
rnarkdai@gmail.com
robadadoslol@gmail.com
robbengay202@gmail.com
robert.mickinak@gmail.com
robert.stewart678@gmail.com
robertspam@yahoo.com
rocazclothing@gmail.com
roced@yahoo.com
rodneykalif@gmail.com
rodolfojllaje@gmail.com
rodrigmatt0@gmail.com
rogerbalsam@gmail.com
rohitab@rohitab.com
rolexasus12@gmail.com
rollandforbes@yahoo.com
rollandmalay@outlook.com
rollsbentley96@gmail.com
rolo.hacker@gmail.com
romelualakia@gmail.com
romio2_100@yahoo.com
ronaldllgould@gmail.com
ronniesimp2@gmail.com
root@ST4RHUN7ER404
root@indoxploit
root@th3-legend.com
root_pro@yahoo.com
roothkr1960@gmail.com
ropidahiris.com.my@gmail.com
rosap.nurhandik@gmail.com
roscodc@yandex.com
rosebenson2003@gmail.com
rosecares009@gmail.com
rosekellymsk2@gmail.com
rostomaster@gmail.com
rotinabox@yahoo.com
rougani45@gmail.com
rowlandc46@gmail.com
roxrootxx@yahoo.com
rozayboss15@gmail.com
rqadoha@gmail.com
rrnace2@aol.com
rrvdad12@yahoo.com
rsjkingdoom@gmail.com
rsltccca4@gmail.com
rsltlive@outlook.com
rst1470741@gmail.com
rstockon17@yahoo.com
rumidase@gmail.com
runaway4991@gmail.com
rush3@live.ru
ruzelt.apple@gmail.com
rya7.balak@excite.co.uk
ryancothingham@gmail.com
ryuzaki_l@y7mail.com
rzlt.chta@gmail.com
rzlt.de.hamid@gmail.com
rzlt.stephrock@gmail.com
rzlt@rzlt.com
rzlt_de_hamidos@yahoo.com
rzltisco@gmail.com
rzltisco@mail.ru
rzltisco@yandex.com
rzt.back@gmail.com
rzt.omda@gmail.com
s.drizzy.dmt@gmail.com
s.tols@aol.com
s20122@hotmail.com
s33th3rs@yahoo.co.uk
s4f3w3b@yahoo.com
s_x@live.com
saad.fridi110@hotmail.co.uk
saadhajer1991@gmail.com
saadhck1@gmail.com
saadworm@hotmail.fr
saammosamm@gmail.com
saigoncitymm@gmail.com
sailheat86@gmail.com
saksafa500@gmail.com
salah@salkah.com
salahhh82@gmail.com
salem1503bbh@gmail.com
sales.b.giantway@gmail.com
sales.departmental01@gmail.com
sales.departmental45@gidi.com
sales.departmental45@gmail.com
sales@mylogboxs.com
salesback01@gmail.com
salimsalam66@yahoo.com
sameerahassan89@yahoo.com
samergang8@gmail.com
samir-_-sp@hotmail.com
samlekki@index.net
samphrank28@gmail.com
samreilly960@gmail.com
samsonkojo400@gmail.com
samuelbox806@gmail.com
samueleleon@yandex.com
samylogz@yandex.com
sandranix001@hotmail.com
sandrasmith144@gmail.com
sanjkkan@gmail.com
sanmi.george@gmail.com
sant.marasliyanziylan@gmail.com
santan4life@gmail.com
santosaguiar19@gmail.com
sapel6547@gmail.com
sarah.robert91@gmail.com
sarah.wanjiaqx@gmail.com
sarajorlfy@gmail.com
saslwathura@gmail.com
sattia34@gmail.com
sawsannmarhba@gmail.com
sc929566@gmail.com
schlachtmsi@gmail.com
schonercranee@gmail.com
sclongplen@hotmail.com
scontact42@gmail.com
scontact42@yahoo.com
scottharrison331@yandex.com
scottharrison33@yandex.com
scottthomas747@gmail.com
scsquaker12@gmail.com
scurygate@gmail.com
sd@fucksheep.org
seancarter@wiretap.com
seanj2332@gmail.com
seanj2332@yahoo.com
secibxkeyduckdns@sec-ibxkey.duckdns.org
secretshopper016@gmail.com
sectorprivate88 [at] gmail.com
securednotification@gmail.com
securiy@opslog.com
see9jalogin@gmail.com
seemeontop1@gmail.com
sefirrii@yahoo.com
segunrichie@yandex.com
segze4real@gmail.com
sekarepan1@gmail.com
sellerolux@gmail.com
sempretestesilva@yahoo.com.br
sendii@bk.ru
sendinbox96@gmail.com
sephkendrck@gmail.com
serjoi.colmadory@gmail.com
sermon.kwan67@gmail.com
service.bofa@gmail.com
service.bofa@yandex.com
service@account.com
service@inc.security.com
service@intl.e.com
service@intl.paypal.com
serviceaccountsonline@inbox.ru
servicealertupdates@gmail.com
serviceproviderfirm@outlook.com
services@mail.ee
serviceuk.ppluk@gmail.com
serwhz41@gmail.com
setoran.target@gmail.com
setoran21@gmail.com
setoran404@gmail.com
setoranopoae@gmail.com
seucer@support.com
sgt.ajames@gmail.com
sgtteresas.s200001@yahoo.com
sh3lllog@yahoo.com
shadow@accountaTin.com
shandongwannlong@gmail.com
shanebal77@gmail.com
shankar.mnubd@gmail.com
shanks@dPortgas.org
shannoncovington16@gmail.com
share.1001000@gmail.com
shark_m@hotmail.fr
sharpi123@yahoo.com
sharpiasiwaju@gmail.com
sharristech617@gmail.com
shawnhilton131@outlook.com
shawnlogs00@yahoo.com
shawnphill77345@aol.in
shaxyalex@gmail.com
shegz.legit10123@gmail.com
shell.bdoor@gmail.com
shell.download@gmail.com
shells22@outlook.com
shellsid@mail.ru
shellskhan786@gmail.com
shemma@zabmail.com
shepherdxx2@gmail.com
sheriffyoung2@yandex.com
shibin_ragh@ispg.in
shinchan0x1945@gmail.com
shoniangel87@hotmail.com
shoolaysp@gmail.com
shop30549999@gmail.com
shoutout3521@gmail.com
shreen1313@gmail.com
shwnket9@munich.com
shwr87@zoho.com
signature123@inbox.com
silentangel.ph@gmail.com
silva_marcelo49@yahoo.com
simo201698@outlook.fr
simpedimhit@gmail.com
simreceipt@gmail.com
sinclair.mark321@gmail.com
sirjaymoney@gmail.com
sirkuti@usaaresults.com
sirnonlee@gmail.com
skapter97@gmail.com
sketeanoti@gmail.com
skobaranking01@gmail.com
skr77tld@gmail.com
skyline@cash4u.com
slac4ever@gmail.com
slach2014@gmail.com
slaven.matic0@gmail.com
slaywhere@gmail.com
slaywherek@gmail.com
slimloumi1992@gmail.com
slogz@yandex.com
sm0kewarrior420@aol.com
sm305589@gmail.com
smarkb1010@gmail.com
smevkpathan@gmail.com
smg@nofriends.org
smhoff419@gmail.com
smith.scot1@gmail.com
smith50terry@gmail.com
smitharvey75@hotmail.com
smithdanny320@gmail.com
smithfordceo200@gmail.com
smithjames58521@yahoo.com
smithpitt11@gmail.com
smmathissharon@gmail.com
smtp@ifastnet1.com
smtp@me.mom163.com
snehsnehng@gmail.com
snip3rfsociety@gmail.com
sniper.sa@hotmail.com
snoopcid01@gmail.com
snoopssysnappsop1@yahoo.com
socontas@live.com
sofien.dk@gmail.com
softbtiful@gmail.com
softinc01@yandex.com
sogologo7@gmail.com
solevisible@gmail.com
solomonsmith2009@gmail.com
solooutat1990@hotmail.fr
soniacaouette1dgmail.com
sophiedhe@yahoo.fr
soteste2013b@hotmail.com
souhail12.ajoub@gmail.com
souhail123razik@gmail.com
souiye7@hotmail.com
soumbboy@gmail.com
soundc44@gmail.com
soundtrack51722@gmail.com
soussi.free@gmail.com
sp0k4club@gmail.com
sp4mi@voila.fr
spairow.davinchi@gmail.com
spam2hack@gmail.com
spam_rezult@spammerindo.com
spambbh@gmail.com
spambox2@writeme.com
spammer.dani@gmail.com
spammer007@outlook.fr
spammercredit@gmail.com
spammerloga@gmail.com
spammershery@gmail.com
spamsemo@gmail.com
spamtools23@zoho.com
spamtools33@gmail.com
spapipo@gmail.com
specialspam06@gmail.com
spectrumflames@yahoo.co.jp
speederfx@gmail.com
spendit.laulau@yahoo.co
spenterprisesgrp@gmail.com
spfr1996@gmail.com
spider.r0ot@gmail.com
spidr_man19@yahoo.com
spinningarrix@gmail.com
spm.res1@gmail.com
spteambyanwar@gmail.com
spy224@yahoo.com
sqlinjection9@gmail.com
sraymond779@gmail.com
sroomc@gmail.com
ss6270139@gmail.com
ssbpssgefeto@mail.ru
ssiin@yahoo.com
ssikou54@gmail.com
ssims.burton@gmail.com
sstephen959@gmail.com
staff@z0ne-red.info
staffordbrian228@gmail.com
stalka1@yopmail.com
stanleycuche@gmail.com
state_united@yahoo.com
steelstainless8393@gmail.com
stef.sm101@gmail.com
steps2201@mynet.com
steve.gogolin@outlook.com
stevelewis994@yandex.com
steven.shaf@mail.ru
steven@stevengarza.org
steven_shaf1@aol.co.uk
steven_shaf@aol.com
stevencastle97@gmail.com
stevennbrown@mail.com
stevenshaf@mail.ru
stevenshaf@yahoo.com
stillcounting101@gmail.com
stitabank@yahoo.com
stitatn24@gmail.com
stmartinschurch091@gmail.com
storesbrown147@gmail.com
storespammer@gmail.com
storewestwood@gmail.com
stormsoft8@gmail.com
stractionsqli@yandex.com
streethunter14@gmail.com
strrmdz@gmail.com
stuffs4cozy@zoho.com
style0305@hotmail.fr
subhiatef@hotmail.com
success.year204@yandex.com
successful-drizzy@dmt.com
sucretoni3@gmail.com
sugarproltd@hmamail.com
sujiantho@yahoo.com
sulamericana.com@gmail.com
summermartins4656@gmail.com
sundaysmith147@gmail.com
sunray11011@gmail.com
supertool@mxtoolbox.com
supp@localhost
suppor@nic.org
support.mage@yandex.com
support@$ra44.com
support@human-rights.org
support@illoyds.co.uk
support@underpricedhost.com
supprtrort@aol.com
surebox007@gmail.com
suretools21@hotmail.com
suretools21@yahoo.com
surulere789@gmail.com
susanalbert1980@gmail.com
susanjordan211@gmail.com
suthallen@gmail.com
suuhtoon@gmail.com
svihovcova-renata@outlook.com
swalentine@famillyatty.com
swatch.dahbiya@gmail.com
sweetlina_1@yahoo.com
swilliam7335@gmail.com
swilliam735735@hotmail.com
sz.kok@outlook.frr
szled04040@gmail.com
t9icelogin007@hotmail.com
tabunganberdosa@gmail.com
tafiqlegend@gmail.com
tahar182@outlook.com
taheros@icloud.com
taieb.piratos.capo@gmail.com
takonatim008@gmail.com
tal8imshell1@gmail.com
talentedtalentt@gmail.com
talk2dean50@gmail.com
tallestbosss@gmail.com
tanakapersada@yahoo.com
tangerinecanada1@gmail.com
tanyaburn1503@gmail.com
tarikada@gmail.com
tawanamoraiss@gmail.com
taxtn0@gmail.com
taxtn2@yahoo.com
taz4spam@secure-mail.biz
tc4@hotmail.fr
team.mark0100@gmail.com
team214dz@gmail.com
team_pbg@yahoo.com
teamaboki101@gmail.com
teamcallylogs@gmail.com
teamipwned@yahoo.com
teampbglogs@gmail.com
teamsoft01@gmail.com
teamz@teamzed.com
teamzeebcc@gmail.com
teamzeelog@gmail.com
teddyshine10@gmail.com
teigneux36@gmail.com
teintbrun10@gmail.com
tekero09@gmail.com
telcominstrument@outlook.com
television231@gmail.com
telkallawi01@hotmail.com
teminikan41@hotmail.com
teminikan44@gmail.com
temitope204@yahoo.com
terrimiko16@gmail.com
terry.cole1515@hotmail.com
testeigig@ig.com.br
tetebute02@gmail.com
tetefos@mail.ru
textile.group@yandex.com
th2geeks@gmail.com
th3.sp3r@gmail.com
thaniahensley@gmail.com
the0000est@gmail.com
thebg1@outlook.fr
theblackbtr147@outlook.com
thedropbox88@gmail.com
thee.wolf1@hotmail.com
themesrv1@cstweaks.com
thepnb@thepub.co.za
thepollycops@gmail.com
therese.ponsard-vynex.fr@mail.ru
thhiflux@gmail.com
thinkbiglogs@gmail.com
thomaas.vo@gmail.com
thomas.dellan@hotmail.com
thomas147hernandez@gmail.com
thomasmariel664@gmail.com
thomasperkins221@gmail.com
thompsonmeyer32@gmail.com
thonsel.kimi@gmail.com
thonselfred@gmail.com
thornas.savage@gmail.com
thunder47@hotmail.com
tiartawotwo234@gmail.com
tikkaisngh1@gmail.com
timives247@yandex.com
timthumb.php@hotmail.com
tina.damroudii@gmail.com
tindaly50697315mbarek@gmail.com
tinkokobus@gmail.com
tionomedok@gmail.com
tiscaliresult@gmail.com
titizjay@outlook.fr
titolokihi@gmail.com
tk.usamc@yandex.com
tle4n@yandex.com
tlghimtools@gmail.com
tncraker95@gmail.com
tngilroy@gmail.com
tnh2cker@hotmail.com
toba567@hotmail.com
tobiresultbox@yandex.com
tobycambel@yahoo.com
todosvamos@mail.com
tokarev.buk@mail.ru
tolomagen@gmail.com
tolumiles001@yandex.com
tom@incbrandt.net
tomas_motion@terra.com.br
tomatiques415@gmail.com
tomkndy@gmail.com
tommywillson2000@gmail.com
tomsmead14@yahoo.co.uk
toniresult@gmail.com
tools-box2016@yandex.com
tools.agent@yahoo.com
toolsbox.myde@gmail.com
toolsbox1000@yahoo.com
toolsbox419@gmail.com
toolzf@gmail.com
topnight01@live.com
toriwilliams807@gmail.com
torkamastorm@gmail.com
tosinbaby30@gmail.com
tosinogabi77@gmail.com
tradeandtradeinc@gmail.com
tradechanelsfor@gmail.com
traficneetvio@gmail.com
traibiyoussef@gmail.com
trajan1919@gmail.com
trampox1524@gmail.com
travelingann@post.com
travelingann@yandex.com
treebor0o0@gmail.com
trexdex96@gmail.com
trucksandcaterpillar@gmail.com
truelender101@yahoo.com
trustgod01@hotmail.com
ttachlion77@yandex.com
turk-m@ymail.com
turkishkebab00@gmail.com
tutoshoussem@hotmail.com
tuyulmasadepan1337@gmail.com
tvreplay21@gmail.com
tw208864@gmail.com
twisyours4@gmail.com
tyghsdjfydtsw@gmail.com
tylercougar13@yandex.com
u8p@hotmail.com
uabresults@gmail.com
uabresults@yahoo.com
ubahsexy007@gmail.com
ubssimon1@gmail.com
uchechiteddy@gmail.com
ucheuche78@gmail.com
uglyinswag@outlook.com
ultimateresult@amaslim.com
ultrasresulta@gmail.com
unclebenz1257@gmail.com
underpri@underpricedhost.com
underpricedhost@gmail.com
underwoodfrank71@gmail.com
underwoodfrank71@outlook.com
unfinishlogz@gmail.com
unkn0wn_h4ck3r@yahoo.com
unknownevansss@gmail.com
unkown1527@gmail.com
update.acco3unt@gmail.com
update11011@gmail.com
update2201@gmail.com
updater2017@gmail.com
updates@ourtimewhorers.com
upgrading178@gmail.com
usaa@blackct.net
usainlay@gmail.com
usalogs36@gmail.com
uschurchill@gmail.com
user@host.gov
user@xsender.com
userbawspam@gmail.com
usr@box.com
ussefwasim@gmail.com
uuzzal2@gmail.com
uzanc@live.com
uzanc@ymail.com
v.b-4@hotmail.com
v0v@outlook.com
vacanarentals@gmail.com
vairus.oh@gmail.com
valentinacare11@gmail.com
valentinechris02@gmail.com
valerie.ayanaa@gmail.com
vandertacunek9@gmail.com
vanlauren2013@gmail.com
vb5@hotmail.fr
vbright1966@gmail.com
vbv@garutc0de.com
vdpcheckerr@gmail.com
ven2000222@gmail.com
venidivici80@gmx.com
veragoldman9@gmail.com
verifie.cc@gmail.com
vexlogs@gmail.com
vgodhawni@gmail.com
vibelylogin2015@gmail.com
vicbrit001@gmail.com
vickkysam20@gmail.com
victim@host.com
victor.man20@yandex.com
victoresult@gmail.com
victorious9661@gmail.com
victororji35@yahoo.co.uk
vincentmm2206@gmail.com
vip163@example.com
vipegen@gmail.com
viptips080@gmail.com
vir.lin90@gmail.com
virous.dz@th3pf.com
vitotria6@outlook.com
vodjuhot@gmail.com
volmerga@gmail.com
vonReinherzKlaus@SaikounaHibi.com
voscode777@gmail.com
vr3zyme@nyender.id
vrs.hck@gmail.com
vsam502@hotmail.com
vvebip@gmail.com
w.trisha01@gmail.com
w0r@hotmail.fr
w4l3XzY3@protonmail.ch
wabulin315@gmail.com
waelalayaa@gmail.com
waitresult@gmail.com
walkagain2012@gmail.com
walorbach@gmail.com
walterblend1901@gmail.com
wangtao@swavesanitarys.com
wasiuadeife@gmail.com
waspadakak@gmail.com
wassef.messi@live.fr
water27works@gmail.com
wattkriis@gmail.com
wd11223311@yandex.com
weatpowershell@gmail.com
webcityme@gmail.com
webmailservice@co.ne.jp
webmaster.accupdate@gmail.com
webmaster001@localhost
webmaster@altavistadelago.com
webmaster@tusculum.edu
wecimary@gmail.com
wedonotforget@gmx.com
wedusaelakh@hotmail.com
weeindy@gokkuuddera.com
weeindy@gokuuddera.com
weeindyy@gokkuuddera.com
wegivethanks.log@gmail.com
wembassy2016@gmail.com
wendyvvu23@gmail.com
wesneroli27@gmail.com
westman12345@post.com
westnino44@gmail.com
westpack@localhost.com
wewwqazsss@gmail.com
wfagoss@gmail.com
wh0.127.0.0.1@gmail.com
whej92@hotmail.com
wilfrednnaji1@gmail.com
wilkooz@hotmail.com
willamsrose52@gmail.com
williambell101@yahoo.com
williambell1233@gmail.com
williamcas1972@gmail.com
williamlundberg10023@gmail.com
williamsalex809@gmail.com
williamsgordon7272@gmail.com
williamskendu@gmail.com
williamsteven037@gmail.com
willy4coal@gmail.com
wilsongood9990@gmail.com
wilsonx1@outlook.com
wilsonx1@yahoo.com
wir3logs00@gmail.com
wire@posh.org
wireali4@gmail.com
wireali4s@gmail.com
wirebankmoney@gmail.com
wireblessjones@mail.com
wiredept.boa02nn@live.com
wirejones@yandex.com
wireking01@gmail.com
wirelogs@mail.com
wirelogs@msn.com
wirepapi@gmail.com
wirewire.wire@yandex.com
wirewire80@gmail.com
wirez@googledocs.org
wizman002@gmail.com.com
wkendy76@blumail.org
wolfgang3030@gmail.com
wonderfulboy01@gmai.com
wordpressslog@yandex.com
work-hard@dreambig.com
work2020i@gmail.com
workforceland@gmail.com
workhome7771@gmail.com
workkroxx@gmail.com
workmode2003@gmail.com
worm@J3nd4rk.com
worst2bestt@gmail.com
woslinuxers57799@gmail.com
wow@goodresult.com
wowwow4u@gmail.com
wp@live.fr
wr572176@gmail.com
wrztools101@foxmail.com
wweerrt88@gmail.com
www.onework.net@yandex.com
www.sirhelper@gmail.com
wwwjj2010@gmail.com
wxl@hotmail.it
x-shona@hotmail.com
x.karim.x@rogers.com
x3dbase@gmail.com
x3dlogz007@gmail.com
x3dlogz007@yandex.com
x3dlogz@gmail.com
x5426976@gmail.com
x5x5_45@yahoo.com
x@erebor.dwarfpool.com
x@moria.dwarfpool.com
xConsoLe@alboraaq.com
xGame1945@gmail.com
x_enishom@hotmail.fr
xao789@gmail.com
xclusiv-3d@serverx.com
xenobyte25@gmail.com
xghost007@yandex.com
xghost1963@gmail.com
xinsandra@gmail.com
xkareenx1982@yahoo.com
xlsuppx@gmail.com
xmatrix13213@gmail.com
xmoby11@gmail.com
xnerospam@gmail.com
xprojects777@outlook.com
xr0b0t31@gmail.com
xr0b0t@indonesiancoder.com
xreda4everxgmail.com
xrob0t.cpanels@gmail.com
xroot99@yahoo.com
xsam0.xadoo0@gmail.com
xspamo@localhost.com
xtcrtgp89dgh@mail.ru
xtralarge1011@gmail.com
xtremexit@yahoo.com
xw0lfx.707@gmail.com
xxxsimonixxx@gmail.com
xxxx@xxxx.xxxx
y.pablo2018@yandex.com
y7lmoon511@gmail.com
y9v@hotmail.com
ya_el@live.fr
yaduris@spygrup.org
yaelahjoo@gmail.com
yahiaouihys@gmail.com
yahootools101@gmail.com
yassineyacoutie@gmail.com
yassinrzlt@gmail.com
yassirmar55@gmail.com
yazidanjar@Gmail.com
yemiola716@gmail.com
yentakashi.private@gmail.com
yerimabash35@gmail.com
yesternlbt@gmail.com
youcef@svoooo.com
youcefmascara2015@gmail.com
youkeny@aol.com
young-riko@hotmail.fr
young.buck66@yahoo.de
youngesta0@gmail.com
youremail@domain.yes
youssef.zyadi@gmail.com
youssef@india.com
yoyoben85@gmail.com
yoyoboy896@gmail.com
yoyododo320025@gmail.com
yoyowmask@gmail.com
yoyowmask@yandex.com
ypeemail@gmail.com
yudhie@hackermail.com
yungteewoh.bank@gmail.com
yungwayne.bank101@gmail.com
yuno@mirainikki.com
yusuffkhalif@gmail.com
z3us@edu.edu
zabifkarakee@gmail.com
zackmovrich@gmail.com
zagaman22@gmail.com
zagaman68@gmail.com
zahid.nadren@gmail.com
zahri4444@gmail.com
zaid87sh@gmail.com
zaki.oki12@gmail.com
zakkendoen1235@gmail.com
zakoo20122@live.fr
zalga_yann@live.fr
zamarquezan@uol.com.br
zambiathanks@yahoo.com
zaneduhman@aol.com
zaneduhman@gmail.com
zaneduhman@yahoo.com
zanithplast@gmail.com
zap_hack@safe-mail.net
zaplogins@gmail.com
zarabyte@gmail.com
zebikebir511@gmail.com
zecanatosoccer@gmail.com
zeekhan6464@gmail.com
zencarbot@gmail.com
ziibc@yahoo.com
zikobani@outlook.com
zikox04@gmail.com
zkl@hotmail.com
zobugtel@gmail.com
zoz@moonwalking.com
zpi@hotmail.com
zxccxz2@yahoo.com
zxhermes@gmail.com
zzz48927@gmail.com
zzz@xzy3.com
zzzzzzzyyy@yeah.net